"","cid","x.x","y.x","PPS.x","ST","PPS.y","Diff"
"1",2,-237.5,-51,-1,3,-1,-2
"2",3,-225,-51,0,1,0,0
"3",8,-162.5,-51,-2,1,-2,-4
"4",10,-137.5,-51,-2,1,-2,-4
"5",22,12.5,-51,0,3,0,0
"6",23,25,-51,0,1,0,0
"7",39,225,-51,-3,1,-3,-6
"8",40,237.5,-51,0,1,0,0
"9",42,-243.75,-31.3628739691879,1.83333333333333,108,-1.16666666666667,0.666666666666667
"10",43,-231.25,-31.3628739691879,-1.14935064935065,154,-0.399350649350649,-1.5487012987013
"11",44,-218.75,-31.3628739691879,-0.5,10,-0.5,-1
"12",45,-206.25,-31.3628739691879,-0.933333333333333,15,-0.933333333333333,-1.86666666666667
"13",46,-193.75,-31.3628739691879,-0.266666666666667,15,-0.266666666666667,-0.533333333333333
"14",47,-181.25,-31.3628739691879,-0.181818181818182,22,-0.181818181818182,-0.363636363636364
"15",48,-168.75,-31.3628739691879,-0.571428571428571,14,-0.571428571428571,-1.14285714285714
"16",49,-156.25,-31.3628739691879,-0.714285714285714,14,-0.714285714285714,-1.42857142857143
"17",50,-143.75,-31.3628739691879,-0.533333333333333,15,-0.533333333333333,-1.06666666666667
"18",51,-131.25,-31.3628739691879,-0.545454545454545,22,-0.545454545454545,-1.09090909090909
"19",52,-118.75,-31.3628739691879,-0.857142857142857,7,-0.857142857142857,-1.71428571428571
"20",53,-106.25,-31.3628739691879,-0.5,4,-0.5,-1
"21",54,-93.75,-31.3628739691879,-0.333333333333333,6,-0.333333333333333,-0.666666666666667
"22",55,-81.25,-31.3628739691879,0,2,0,0
"23",56,-68.75,-31.3628739691879,-0.5,4,-0.5,-1
"24",57,-56.25,-31.3628739691879,0,1,0,0
"25",59,-31.25,-31.3628739691879,0,1,0,0
"26",60,-18.75,-31.3628739691879,-0.857142857142857,7,1.14285714285714,0.285714285714286
"27",61,-6.25,-31.3628739691879,-0.461538461538462,13,-0.461538461538462,-0.923076923076923
"28",62,6.25,-31.3628739691879,-1,10,1,0
"29",63,18.75,-31.3628739691879,0,1,0,0
"30",64,31.25,-31.3628739691879,-2,1,-2,-4
"31",65,43.75,-31.3628739691879,-1,4,-1,-2
"32",67,68.75,-31.3628739691879,0,1,0,0
"33",68,81.25,-31.3628739691879,0,1,0,0
"34",69,93.75,-31.3628739691879,-0.5,8,-0.5,-1
"35",70,106.25,-31.3628739691879,-1.33333333333333,9,-1.33333333333333,-2.66666666666667
"36",71,118.75,-31.3628739691879,-1.09090909090909,11,-1.09090909090909,-2.18181818181818
"37",72,131.25,-31.3628739691879,-1.2,5,-1.2,-2.4
"38",73,143.75,-31.3628739691879,-0.833333333333333,12,-0.833333333333333,-1.66666666666667
"39",74,156.25,-31.3628739691879,-0.461538461538462,13,-0.461538461538462,-0.923076923076923
"40",75,168.75,-31.3628739691879,-0.666666666666667,12,-0.666666666666667,-1.33333333333333
"41",76,181.25,-31.3628739691879,-1.27272727272727,11,-1.27272727272727,-2.54545454545455
"42",77,193.75,-31.3628739691879,1.2,10,-0.8,0.4
"43",78,206.25,-31.3628739691879,-0.666666666666667,12,-0.666666666666667,-1.33333333333333
"44",79,218.75,-31.3628739691879,-0.8,10,2.2,1.4
"45",80,231.25,-31.3628739691879,0.688888888888889,189,0.688888888888889,1.37777777777778
"46",81,243.75,-31.3628739691879,-0.9375,48,-0.9375,-1.875
"47",83,-250,-11.7257479383757,-0.548780487804878,164,1.70121951219512,1.15243902439024
"48",84,-237.5,-11.7257479383757,-0.208835039133052,1208,-0.124610440202571,-0.333445479335623
"49",85,-225,-11.7257479383757,-0.566119273984443,534,0.12618841832325,-0.439930855661193
"50",86,-212.5,-11.7257479383757,-0.904109589041096,73,1.0958904109589,0.191780821917808
"51",87,-200,-11.7257479383757,-0.788732394366197,142,0.544600938967136,-0.244131455399061
"52",88,-187.5,-11.7257479383757,-0.846153846153846,130,0.153846153846154,-0.692307692307692
"53",89,-175,-11.7257479383757,-0.860759493670886,158,-0.194092827004219,-1.05485232067511
"54",90,-162.5,-11.7257479383757,-0.671532846715328,137,-0.671532846715328,-1.34306569343066
"55",91,-150,-11.7257479383757,-0.217948717948718,156,-0.717948717948718,-0.935897435897436
"56",92,-137.5,-11.7257479383757,0.686440677966102,118,1.1864406779661,1.8728813559322
"57",93,-125,-11.7257479383757,-0.39010989010989,104,-0.161538461538462,-0.551648351648352
"58",94,-112.5,-11.7257479383757,-0.757575757575758,66,-0.757575757575758,-1.51515151515152
"59",95,-100,-11.7257479383757,-0.0606060606060607,88,0.272727272727273,0.212121212121212
"60",96,-87.5,-11.7257479383757,-0.862745098039216,51,-0.862745098039216,-1.72549019607843
"61",97,-75,-11.7257479383757,-0.833333333333333,60,-0.833333333333333,-1.66666666666667
"62",98,-62.5,-11.7257479383757,-0.588235294117647,34,-0.588235294117647,-1.17647058823529
"63",99,-50,-11.7257479383757,-0.744186046511628,43,-0.744186046511628,-1.48837209302326
"64",100,-37.5,-11.7257479383757,0.317647058823529,85,0.317647058823529,0.635294117647059
"65",101,-25,-11.7257479383757,0.0414835164835166,910,0.00739260739260739,0.0488761238761239
"66",102,-12.5,-11.7257479383757,0.266178489702517,1725,0.0926892109500805,0.358867700652598
"67",103,0,-11.7257479383757,-0.0346773293307996,12189,0.0123036298383279,-0.0223736994924717
"68",104,12.5,-11.7257479383757,0.219728242174063,1368,0.173976608187135,0.393704850361197
"69",105,25,-11.7257479383757,0.468847352024922,856,0.372693505871076,0.841540857895998
"70",106,37.5,-11.7257479383757,-0.727272727272727,88,-0.0606060606060607,-0.787878787878788
"71",107,50,-11.7257479383757,-0.82051282051282,39,0.17948717948718,-0.641025641025641
"72",108,62.5,-11.7257479383757,1.22727272727273,44,-0.772727272727273,0.454545454545455
"73",109,75,-11.7257479383757,0.173913043478261,46,-0.826086956521739,-0.652173913043478
"74",110,87.5,-11.7257479383757,-0.777777777777778,54,-0.777777777777778,-1.55555555555556
"75",111,100,-11.7257479383757,0.164179104477612,67,1.16417910447761,1.32835820895522
"76",112,112.5,-11.7257479383757,0.338888888888889,72,-0.861111111111111,-0.522222222222222
"77",113,125,-11.7257479383757,0.186046511627907,86,-0.813953488372093,-0.627906976744186
"78",114,137.5,-11.7257479383757,0.676277850589777,109,0.247706422018349,0.923984272608126
"79",115,150,-11.7257479383757,0.28,150,0.28,0.56
"80",116,162.5,-11.7257479383757,-0.245472837022133,142,-0.316901408450704,-0.562374245472837
"81",117,175,-11.7257479383757,0.496969696969697,165,-0.16969696969697,0.327272727272727
"82",118,187.5,-11.7257479383757,1.15094339622642,106,-0.849056603773585,0.30188679245283
"83",119,200,-11.7257479383757,-0.709677419354839,93,-0.709677419354839,-1.41935483870968
"84",120,212.5,-11.7257479383757,-0.634146341463415,41,-0.634146341463415,-1.26829268292683
"85",121,225,-11.7257479383757,-0.236607142857143,672,0.763392857142857,0.526785714285714
"86",122,237.5,-11.7257479383757,0.00442837109749794,797,-0.480865746549561,-0.476437375452063
"87",123,250,-11.7257479383757,-1.15384615384615,39,-1.15384615384615,-2.30769230769231
"88",124,-243.75,7.91137809243644,0.0640089418777945,915,0.0715846994535521,0.135593641331347
"89",125,-231.25,7.91137809243644,-0.0618542041899708,1918,0.0972367049009384,0.0353825007109676
"90",126,-218.75,7.91137809243644,0.64375,320,-0.20625,0.4375
"91",127,-206.25,7.91137809243644,0.768707482993197,196,-0.231292517006803,0.537414965986395
"92",128,-193.75,7.91137809243644,-0.751269035532995,197,-0.0846023688663283,-0.835871404399323
"93",129,-181.25,7.91137809243644,-0.290874524714829,263,-0.0408745247148289,-0.331749049429658
"94",130,-168.75,7.91137809243644,0.448911222780569,398,-0.338967565098218,0.109943657682351
"95",131,-156.25,7.91137809243644,0.170103092783505,388,-0.198317959848074,-0.0282148670645688
"96",132,-143.75,7.91137809243644,0.4,395,0.075,0.475
"97",133,-131.25,7.91137809243644,-0.0141176470588235,275,0.137142857142857,0.123025210084034
"98",134,-118.75,7.91137809243644,-0.114155251141553,292,0.469178082191781,0.355022831050228
"99",135,-106.25,7.91137809243644,0.0785714285714285,280,-0.278571428571429,-0.2
"100",136,-93.75,7.91137809243644,0.357757137942897,342,0.181286549707602,0.539043687650499
"101",137,-81.25,7.91137809243644,-0.0701754385964912,342,-0.0701754385964912,-0.140350877192982
"102",138,-68.75,7.91137809243644,-0.142663306842411,469,-0.269936034115139,-0.41259934095755
"103",139,-56.25,7.91137809243644,0.104166666666667,480,-0.195833333333333,-0.0916666666666666
"104",140,-43.75,7.91137809243644,0.0188010899182561,734,0.055643195181414,0.0744442850996702
"105",141,-31.25,7.91137809243644,0.351396998504078,1955,0.00301424917793203,0.35441124768201
"106",142,-18.75,7.91137809243644,0.137241892610314,7524,-0.0547581073896863,0.0824837852206273
"107",143,-6.25,7.91137809243644,0.165908369484711,10178,0.0626300322230864,0.228538401707797
"108",144,6.25,7.91137809243644,-0.00716373795701974,10902,0.0384172103724927,0.0312534724154729
"109",145,18.75,7.91137809243644,0.117851601765657,7627,-0.00535480000034716,0.11249680176531
"110",146,31.25,7.91137809243644,0.239888953828171,2360,-0.182708258204111,0.0571806956240596
"111",147,43.75,7.91137809243644,-0.0158730158730158,693,-0.259570494864612,-0.275443510737628
"112",148,56.25,7.91137809243644,0.255849551716597,538,-0.231545406266596,0.0243041454500015
"113",149,68.75,7.91137809243644,0.734309623430962,478,-0.0384176492963104,0.695891974134652
"114",150,81.25,7.91137809243644,-0.421052631578947,380,-0.387719298245614,-0.808771929824561
"115",151,93.75,7.91137809243644,0.108487257423428,329,-0.0645896656534954,0.0438975917699322
"116",152,106.25,7.91137809243644,0.194805194805195,308,0.0519480519480519,0.246753246753247
"117",153,118.75,7.91137809243644,0.17585931254996,278,0.064748201438849,0.240607513988809
"118",154,131.25,7.91137809243644,0.300413743479043,327,0.0415902140672784,0.342003957546321
"119",155,143.75,7.91137809243644,0.291626870423432,349,0.113849092645654,0.405475963069086
"120",156,156.25,7.91137809243644,0.101851851851852,405,0.0601851851851852,0.162037037037037
"121",157,168.75,7.91137809243644,0.0408163265306122,392,0.24249699879952,0.283313325330132
"122",158,181.25,7.91137809243644,-0.121654501216545,274,-0.288321167883212,-0.409975669099757
"123",159,193.75,7.91137809243644,-0.168498168498169,182,0.164835164835165,-0.00366300366300376
"124",160,206.25,7.91137809243644,-0.121621621621622,148,0.045045045045045,-0.0765765765765766
"125",161,218.75,7.91137809243644,0.175,240,-0.225,-0.0500000000000003
"126",162,231.25,7.91137809243644,0.323720930232558,2193,-0.176520033622864,0.147200896609695
"127",163,243.75,7.91137809243644,-0.582706766917293,399,0.117293233082707,-0.465413533834586
"128",164,256.25,7.91137809243644,-0.6,5,-0.6,-1.2
"129",165,-250,27.5485041232486,-0.797872340425532,94,-0.797872340425532,-1.59574468085106
"130",166,-237.5,27.5485041232486,0.417345750873108,859,-0.308460700739795,0.108885050133313
"131",167,-225,27.5485041232486,0.41016548463357,423,0.11016548463357,0.52033096926714
"132",168,-212.5,27.5485041232486,1.3134328358209,67,1.3134328358209,2.62686567164179
"133",169,-200,27.5485041232486,-0.651685393258427,89,0.0149812734082396,-0.636704119850187
"134",170,-187.5,27.5485041232486,0.844827586206897,116,0.344827586206897,1.18965517241379
"135",171,-175,27.5485041232486,0.302803738317757,214,-0.147196261682243,0.155607476635514
"136",172,-162.5,27.5485041232486,0.169590643274854,228,-0.433583959899749,-0.263993316624896
"137",173,-150,27.5485041232486,0.226480836236934,287,-0.1068524970964,0.119628339140534
"138",174,-137.5,27.5485041232486,-0.150793650793651,252,-0.272005772005772,-0.422799422799423
"139",175,-125,27.5485041232486,0.224561403508772,228,0.713450292397661,0.938011695906433
"140",176,-112.5,27.5485041232486,-0.526919682259488,206,-0.10873786407767,-0.635657546337158
"141",177,-100,27.5485041232486,-0.264116575591985,305,0.055327868852459,-0.208788706739526
"142",178,-87.5,27.5485041232486,0.109243697478992,238,-0.163483575248281,-0.0542398777692896
"143",179,-75,27.5485041232486,-0.0872210953346856,406,0.206896551724138,0.119675456389452
"144",180,-62.5,27.5485041232486,0.0140863440719969,451,-0.0831003566952665,-0.0690140126232696
"145",181,-50,27.5485041232486,-0.184082821093497,562,0.270462633451957,0.08637981235846
"146",182,-37.5,27.5485041232486,-0.0511204481792717,816,-0.106419987349779,-0.15754043552905
"147",183,-25,27.5485041232486,0.214802896218825,1243,-0.323658642242713,-0.108855746023888
"148",184,-12.5,27.5485041232486,0.0733174224343676,1676,-0.251127022010077,-0.177809599575709
"149",185,0,27.5485041232486,0.18004595140291,3523,0.103088589941017,0.283134541343928
"150",186,12.5,27.5485041232486,0.029957805907173,1896,-0.0310484834010031,-0.00109067749383007
"151",187,25,27.5485041232486,0.22402256862816,1286,0.136167271470537,0.360189840098697
"152",188,37.5,27.5485041232486,0.161528858158072,801,0.0162297128589264,0.177758571016998
"153",189,50,27.5485041232486,0.0385072498217256,601,0.467078678393154,0.50558592821488
"154",190,62.5,27.5485041232486,0.170836150552175,493,-0.337100357384333,-0.166264206832158
"155",191,75,27.5485041232486,-0.114007646854362,411,-0.0577305905773059,-0.171738237431668
"156",192,87.5,27.5485041232486,0.174059991550486,263,0.0544018718923662,0.228461863442852
"157",193,100,27.5485041232486,-0.302508960573477,279,-0.03584229390681,-0.338351254480287
"158",194,112.5,27.5485041232486,-0.00956937799043056,209,-0.736842105263158,-0.746411483253588
"159",195,125,27.5485041232486,0.503030303030303,198,-0.0303030303030304,0.472727272727273
"160",196,137.5,27.5485041232486,0.428346456692913,254,0.228346456692913,0.656692913385827
"161",197,150,27.5485041232486,0.546908315565032,268,-0.453091684434968,0.093816631130064
"162",198,162.5,27.5485041232486,-0.00700280112044815,238,-0.340336134453782,-0.34733893557423
"163",199,175,27.5485041232486,0.0487309644670051,197,0.137619853355894,0.186350817822899
"164",200,187.5,27.5485041232486,-0.226190476190476,112,0.107142857142857,-0.119047619047619
"165",201,200,27.5485041232486,0.560606060606061,88,0.227272727272727,0.787878787878788
"166",202,212.5,27.5485041232486,-0.774193548387097,31,0.225806451612903,-0.548387096774194
"167",203,225,27.5485041232486,-0.377015717493366,639,0.507042253521127,0.130026536027761
"168",204,237.5,27.5485041232486,-0.094170403587444,669,-0.094170403587444,-0.188340807174888
"169",205,250,27.5485041232486,-1.5,18,-1.5,-3
"170",206,-243.75,47.1856301540607,0.240938166311301,201,-0.294776119402985,-0.0538379530916842
"171",207,-231.25,47.1856301540607,-0.730263157894737,418,0.0375939849624058,-0.692669172932331
"172",208,-218.75,47.1856301540607,1.80769230769231,52,-1.19230769230769,0.615384615384615
"173",209,-206.25,47.1856301540607,1.2962962962963,54,0.62962962962963,1.92592592592593
"174",210,-193.75,47.1856301540607,-0.246913580246914,81,-0.91358024691358,-1.16049382716049
"175",211,-181.25,47.1856301540607,0.877358490566038,106,0.377358490566038,1.25471698113208
"176",212,-168.75,47.1856301540607,-0.0241935483870968,155,-0.0241935483870968,-0.0483870967741935
"177",213,-156.25,47.1856301540607,-0.0824873096446701,197,0.16751269035533,0.0850253807106598
"178",214,-143.75,47.1856301540607,-0.342981637099284,189,1.06878306878307,0.725801431683785
"179",215,-131.25,47.1856301540607,0.231578947368421,190,-0.404784688995215,-0.173205741626794
"180",216,-118.75,47.1856301540607,0.128391082460381,219,-0.812785388127854,-0.684394305667472
"181",217,-106.25,47.1856301540607,-0.367149758454106,207,0.188405797101449,-0.178743961352657
"182",218,-93.75,47.1856301540607,0.360750360750361,252,-0.00288600288600283,0.357864357864358
"183",219,-81.25,47.1856301540607,0.394312796208531,211,-0.00568720379146914,0.388625592417062
"184",220,-68.75,47.1856301540607,-0.22108843537415,392,0.112244897959184,-0.108843537414966
"185",221,-56.25,47.1856301540607,-0.241463414634146,410,-0.049155722326454,-0.2906191369606
"186",222,-43.75,47.1856301540607,0.222541156606163,515,0.0660194174757281,0.288560574081891
"187",223,-31.25,47.1856301540607,0.268935097668557,529,-0.0151228733459357,0.253812224322621
"188",224,-18.75,47.1856301540607,0.0941780821917808,730,-0.0400811770674785,0.0540969051243023
"189",225,-6.25,47.1856301540607,0.342652152399802,1376,-0.0227502527805864,0.319901899619216
"190",226,6.25,47.1856301540607,0.0989109964791616,1449,-0.0200528666484368,0.0788581298307248
"191",227,18.75,47.1856301540607,0.519371139809096,685,-0.195728575290619,0.323642564518477
"192",228,31.25,47.1856301540607,0.377425044091711,567,0.104133118625872,0.481558162717583
"193",229,43.75,47.1856301540607,-0.449062754686227,409,0.21760391198044,-0.231458842705787
"194",230,56.25,47.1856301540607,-0.242079965042604,398,0.125069793411502,-0.117010171631102
"195",231,68.75,47.1856301540607,0.289025221540559,326,0.0350569675723049,0.324082189112864
"196",232,81.25,47.1856301540607,-0.0711111111111111,225,-0.0711111111111111,-0.142222222222222
"197",233,93.75,47.1856301540607,-0.753623188405797,207,0.446376811594203,-0.307246376811594
"198",234,106.25,47.1856301540607,1.05732484076433,157,1.05732484076433,2.11464968152866
"199",235,118.75,47.1856301540607,-0.381136950904393,172,-0.539867109634552,-0.921004060538944
"200",236,131.25,47.1856301540607,-0.19292364990689,179,-0.226256983240223,-0.419180633147114
"201",237,143.75,47.1856301540607,0.338286713286713,176,-0.238636363636364,0.0996503496503496
"202",238,156.25,47.1856301540607,-0.169278996865204,203,-0.396551724137931,-0.565830721003135
"203",239,168.75,47.1856301540607,-0.10077519379845,172,-0.367441860465116,-0.468217054263566
"204",240,181.25,47.1856301540607,0.144444444444444,120,-0.10952380952381,0.0349206349206349
"205",241,193.75,47.1856301540607,-0.72463768115942,69,-0.72463768115942,-1.44927536231884
"206",242,206.25,47.1856301540607,-0.742857142857143,35,-0.742857142857143,-1.48571428571429
"207",243,218.75,47.1856301540607,0.769230769230769,52,-1.23076923076923,-0.461538461538462
"208",244,231.25,47.1856301540607,-0.153584558823529,640,-0.2359375,-0.389522058823529
"209",245,243.75,47.1856301540607,-0.804878048780488,82,0.195121951219512,-0.609756097560976
"210",247,-250,66.8227561848729,1.76470588235294,34,-1.23529411764706,0.529411764705882
"211",248,-237.5,66.8227561848729,-0.243663594470046,248,0.399193548387097,0.155529953917051
"212",249,-225,66.8227561848729,2.10483870967742,124,0.604838709677419,2.70967741935484
"213",250,-212.5,66.8227561848729,-0.736842105263158,38,0.263157894736842,-0.473684210526316
"214",251,-200,66.8227561848729,1.28301886792453,53,-0.216981132075472,1.06603773584906
"215",252,-187.5,66.8227561848729,1.11627906976744,86,-0.217054263565892,0.89922480620155
"216",253,-175,66.8227561848729,-0.405194805194805,154,-0.305194805194805,-0.71038961038961
"217",254,-162.5,66.8227561848729,0.413483146067416,178,0.546816479400749,0.960299625468165
"218",255,-150,66.8227561848729,0.424727738629084,223,-0.860986547085202,-0.436258808456118
"219",256,-137.5,66.8227561848729,-0.0597014925373135,201,-0.32636815920398,-0.386069651741294
"220",257,-125,66.8227561848729,0.289025221540559,163,0.677914110429448,0.966939331970007
"221",258,-112.5,66.8227561848729,0.212121212121212,132,-0.121212121212121,0.0909090909090909
"222",259,-100,66.8227561848729,0,168,-0.666666666666667,-0.666666666666667
"223",260,-87.5,66.8227561848729,-0.272413793103448,145,-0.272413793103448,-0.544827586206897
"224",261,-75,66.8227561848729,-0.0533661740558292,203,0.446633825944171,0.393267651888341
"225",262,-62.5,66.8227561848729,-0.240909090909091,264,0.0821678321678322,-0.158741258741259
"226",263,-50,66.8227561848729,0.261477652782001,299,0.111745032461145,0.373222685243146
"227",264,-37.5,66.8227561848729,-0.248831168831169,350,0.00571428571428578,-0.243116883116883
"228",265,-25,66.8227561848729,-0.273684210526316,425,-0.133333333333333,-0.407017543859649
"229",266,-12.5,66.8227561848729,0.540240518038853,611,-0.745800671892497,-0.205560153853644
"230",267,0,66.8227561848729,-0.00955598965207749,1222,-0.18284931298291,-0.192405302634988
"231",268,12.5,66.8227561848729,0.190298507462687,536,0.348193244304792,0.538491751767479
"232",269,25,66.8227561848729,0.187957875457875,416,-0.0371503496503496,0.150807525807526
"233",270,37.5,66.8227561848729,-0.081237911025145,329,-0.0585106382978723,-0.139748549323017
"234",271,50,66.8227561848729,0.154393649055571,281,-0.102016607354686,0.0523770417008852
"235",272,62.5,66.8227561848729,0.411857707509881,230,0.139130434782609,0.55098814229249
"236",273,75,66.8227561848729,-0.155110426296867,177,-0.200564971751412,-0.355675398048279
"237",274,87.5,66.8227561848729,0.667883211678832,137,0.501216545012165,1.169099756691
"238",275,100,66.8227561848729,0.169642857142857,160,1.3125,1.48214285714286
"239",276,112.5,66.8227561848729,0.261744966442953,149,-0.738255033557047,-0.476510067114094
"240",277,125,66.8227561848729,-0.198630136986301,146,-0.365296803652968,-0.56392694063927
"241",278,137.5,66.8227561848729,-0.274698795180723,166,0.182444061962134,-0.0922547332185886
"242",279,150,66.8227561848729,-0.0761460761460762,234,-0.303418803418803,-0.37956487956488
"243",280,162.5,66.8227561848729,0.670422535211268,142,-0.262910798122066,0.407511737089202
"244",281,175,66.8227561848729,0.202797202797203,143,-0.0472027972027972,0.155594405594406
"245",282,187.5,66.8227561848729,-0.8,85,0.2,-0.6
"246",283,200,66.8227561848729,-1.07407407407407,54,-0.0740740740740742,-1.14814814814815
"247",284,212.5,66.8227561848729,-0.4,15,-0.4,-0.8
"248",285,225,66.8227561848729,0.0107142857142857,280,-0.439285714285714,-0.428571428571429
"249",286,237.5,66.8227561848729,0.275784753363229,223,-0.1527866752082,0.122998078155029
"250",287,250,66.8227561848729,-0.6,5,-0.6,-1.2
"251",288,-243.75,86.459882215685,-0.157142857142857,70,-1.15714285714286,-1.31428571428571
"252",289,-231.25,86.459882215685,0.0783132530120482,166,-0.171686746987952,-0.0933734939759037
"253",290,-218.75,86.459882215685,-1.38235294117647,34,1.61764705882353,0.235294117647059
"254",291,-206.25,86.459882215685,1.26315789473684,38,-0.736842105263158,0.526315789473684
"255",292,-193.75,86.459882215685,-0.961538461538462,52,-0.961538461538462,-1.92307692307692
"256",293,-181.25,86.459882215685,0.580392156862745,85,-0.0862745098039216,0.494117647058823
"257",294,-168.75,86.459882215685,0.236363636363636,165,-0.363636363636364,-0.127272727272727
"258",295,-156.25,86.459882215685,-0.0357723577235772,205,-0.156984478935698,-0.192756836659276
"259",296,-143.75,86.459882215685,-0.164571428571429,250,-0.372363636363636,-0.536935064935065
"260",297,-131.25,86.459882215685,0.253164556962025,158,-0.175406871609403,0.0777576853526221
"261",298,-118.75,86.459882215685,-0.181015452538631,151,0.152317880794702,-0.0286975717439294
"262",299,-106.25,86.459882215685,0.715284715284715,143,-0.713286713286713,0.00199800199800193
"263",300,-93.75,86.459882215685,0.184281842818428,123,-0.926829268292683,-0.742547425474255
"264",301,-81.25,86.459882215685,0.131313131313131,99,-0.868686868686869,-0.737373737373737
"265",302,-68.75,86.459882215685,-0.165945165945166,198,0.862626262626263,0.696681096681097
"266",303,-56.25,86.459882215685,0.100492610837438,203,0.0504926108374384,0.150985221674877
"267",304,-43.75,86.459882215685,-0.0205627705627706,231,0.0294372294372295,0.00887445887445892
"268",305,-31.25,86.459882215685,0.474842767295597,212,-0.00134770889487879,0.473495058400719
"269",306,-18.75,86.459882215685,-0.140880503144654,265,-0.307547169811321,-0.448427672955975
"270",307,-6.25,86.459882215685,0.356810956224016,564,-0.345014601585315,0.0117963546387007
"271",308,6.25,86.459882215685,0.137864077669903,515,-0.0929051530993278,0.0449589245705752
"272",309,18.75,86.459882215685,0.333462282398453,235,0.575886524822695,0.909348807221148
"273",310,31.25,86.459882215685,-0.213991769547325,243,-0.880658436213992,-1.09465020576132
"274",311,43.75,86.459882215685,0.0964102564102565,225,0.0622222222222222,0.158632478632479
"275",312,56.25,86.459882215685,0.263681592039801,201,0.463681592039801,0.727363184079602
"276",313,68.75,86.459882215685,0.116402116402116,162,0.0092592592592593,0.125661375661376
"277",314,81.25,86.459882215685,-0.336,125,-0.336,-0.672
"278",315,93.75,86.459882215685,0.830769230769231,117,-0.769230769230769,0.0615384615384615
"279",316,106.25,86.459882215685,-0.0133333333333333,150,1.18666666666667,1.17333333333333
"280",317,118.75,86.459882215685,-0.0453216374269005,171,-0.795321637426901,-0.840643274853801
"281",318,131.25,86.459882215685,0.19,200,-0.21,-0.0200000000000001
"282",319,143.75,86.459882215685,0.455505279034691,221,0.122171945701357,0.577677224736048
"283",320,156.25,86.459882215685,1.01098901098901,182,0.344322344322344,1.35531135531136
"284",321,168.75,86.459882215685,0.0733590733590733,148,-0.117117117117117,-0.0437580437580438
"285",322,181.25,86.459882215685,-0.857142857142857,91,-0.523809523809524,-1.38095238095238
"286",323,193.75,86.459882215685,-0.73469387755102,49,0.598639455782313,-0.136054421768708
"287",324,206.25,86.459882215685,-0.4375,32,0.5625,0.125
"288",325,218.75,86.459882215685,1.8169014084507,71,1.8169014084507,3.63380281690141
"289",326,231.25,86.459882215685,0.822314049586777,242,0.0223140495867769,0.844628099173554
"290",327,243.75,86.459882215685,-1.3125,16,-1.3125,-2.625
"291",329,-250,106.097008246497,-1.90909090909091,11,-1.90909090909091,-3.81818181818182
"292",330,-237.5,106.097008246497,-0.163934426229508,183,-0.306791569086651,-0.470725995316159
"293",331,-225,106.097008246497,-1.05337078651685,356,-0.410513643659711,-1.46388443017657
"294",332,-212.5,106.097008246497,1.83695652173913,92,-1.16304347826087,0.673913043478261
"295",333,-200,106.097008246497,1.12727272727273,55,1.12727272727273,2.25454545454545
"296",334,-187.5,106.097008246497,-0.0657276995305165,71,-0.732394366197183,-0.7981220657277
"297",335,-175,106.097008246497,-0.930693069306931,101,0.402640264026403,-0.528052805280528
"298",336,-162.5,106.097008246497,-0.653954802259887,177,-0.103954802259887,-0.757909604519774
"299",337,-150,106.097008246497,-0.441860465116279,258,0.558139534883721,0.116279069767442
"300",338,-137.5,106.097008246497,0.484623183507942,269,0.30280500168976,0.787428185197702
"301",339,-125,106.097008246497,-0.113621262458472,215,-0.077906976744186,-0.191528239202658
"302",340,-112.5,106.097008246497,-0.157575757575758,165,-0.424242424242424,-0.581818181818182
"303",341,-100,106.097008246497,-0.33972602739726,146,0.0602739726027398,-0.27945205479452
"304",342,-87.5,106.097008246497,-0.0860215053763441,93,-0.752688172043011,-0.838709677419355
"305",343,-75,106.097008246497,-0.281954887218045,133,-0.115288220551378,-0.397243107769424
"306",344,-62.5,106.097008246497,0.486821705426356,215,-0.0772808586762075,0.409540846750149
"307",345,-50,106.097008246497,-0.0882352941176471,204,-0.183473389355742,-0.271708683473389
"308",346,-37.5,106.097008246497,-0.509302325581395,172,0.179586563307493,-0.329715762273902
"309",347,-25,106.097008246497,-0.261417322834646,127,-0.661417322834646,-0.922834645669291
"310",348,-12.5,106.097008246497,0.0149572649572649,234,0.598290598290598,0.613247863247863
"311",349,0,106.097008246497,-0.246575342465753,438,-0.0436767917411157,-0.290252134206869
"312",350,12.5,106.097008246497,-0.521810699588477,243,-0.350382128159906,-0.872192827748383
"313",351,25,106.097008246497,-0.704545454545455,176,0.438311688311688,-0.266233766233766
"314",352,37.5,106.097008246497,0.201680672268908,187,-0.691176470588235,-0.489495798319328
"315",353,50,106.097008246497,0.742290748898678,227,-0.357709251101322,0.384581497797357
"316",354,62.5,106.097008246497,0.764912280701754,228,-0.368421052631579,0.396491228070175
"317",355,75,106.097008246497,-0.178403755868545,142,-0.178403755868545,-0.356807511737089
"318",356,87.5,106.097008246497,0.260504201680672,119,-0.739495798319328,-0.478991596638656
"319",357,100,106.097008246497,0.574912891986063,164,0.289198606271777,0.86411149825784
"320",358,112.5,106.097008246497,0.301282051282051,156,0.384615384615385,0.685897435897436
"321",359,125,106.097008246497,0.0789699570815451,233,-0.221030042918455,-0.14206008583691
"322",360,137.5,106.097008246497,0.211542991755006,283,0.0539672341792483,0.265510225934254
"323",361,150,106.097008246497,0.469230769230769,260,0.315384615384615,0.784615384615385
"324",362,162.5,106.097008246497,-0.716981132075472,159,-0.050314465408805,-0.767295597484277
"325",363,175,106.097008246497,1.16504854368932,103,1.16504854368932,2.33009708737864
"326",364,187.5,106.097008246497,1.38181818181818,55,-0.618181818181818,0.763636363636364
"327",365,200,106.097008246497,-0.833333333333333,24,1.16666666666667,0.333333333333333
"328",366,212.5,106.097008246497,-0.0416666666666667,144,-0.0416666666666667,-0.0833333333333335
"329",367,225,106.097008246497,0.39041095890411,365,0.557077625570776,0.947488584474886
"330",368,237.5,106.097008246497,-1.27659574468085,47,-1.27659574468085,-2.5531914893617
"331",369,250,106.097008246497,-3,1,-3,-6
"332",370,-243.75,125.734134277309,-1.2,25,-1.2,-2.4
"333",371,-231.25,125.734134277309,-0.621556886227545,167,0.278443113772455,-0.34311377245509
"334",372,-218.75,125.734134277309,0.695121951219512,492,0.0165505226480835,0.711672473867596
"335",373,-206.25,125.734134277309,0.690126050420168,238,-0.756302521008403,-0.0661764705882353
"336",374,-193.75,125.734134277309,-0.84,25,-0.84,-1.68
"337",375,-181.25,125.734134277309,-0.735294117647059,68,0.598039215686274,-0.137254901960784
"338",376,-168.75,125.734134277309,0.170731707317073,123,-0.829268292682927,-0.658536585365854
"339",377,-156.25,125.734134277309,-0.244663382594417,174,-0.816091954022989,-1.06075533661741
"340",378,-143.75,125.734134277309,-0.0157521659228144,293,0.124107973937325,0.108355808014511
"341",379,-131.25,125.734134277309,0.108331895808177,341,-0.105571847507331,0.0027600483008452
"342",380,-118.75,125.734134277309,-0.209233060312733,316,0.00253164556962027,-0.206701414743112
"343",381,-106.25,125.734134277309,-0.260162601626016,246,0.673170731707317,0.413008130081301
"344",382,-93.75,125.734134277309,-0.274193548387097,186,-0.524193548387097,-0.798387096774194
"345",383,-81.25,125.734134277309,-0.104575163398693,153,-0.371241830065359,-0.475816993464052
"346",384,-68.75,125.734134277309,-0.144977168949772,219,0.105022831050228,-0.0399543378995433
"347",385,-56.25,125.734134277309,0.264516129032258,124,-0.135483870967742,0.129032258064516
"348",386,-43.75,125.734134277309,-0.350877192982456,114,-0.184210526315789,-0.535087719298246
"349",387,-31.25,125.734134277309,0.59106529209622,97,-0.742268041237113,-0.151202749140894
"350",388,-18.75,125.734134277309,-0.941176470588235,136,-0.941176470588235,-1.88235294117647
"351",389,-6.25,125.734134277309,0.0624651422197434,326,0.0624651422197434,0.124930284439487
"352",390,6.25,125.734134277309,0.302040816326531,294,-0.0408163265306123,0.261224489795918
"353",391,18.75,125.734134277309,0.0105263157894737,152,0.639097744360902,0.649624060150376
"354",392,31.25,125.734134277309,0.207119741100324,103,0.37378640776699,0.580906148867314
"355",393,43.75,125.734134277309,0.879265091863517,127,-0.78740157480315,0.0918635170603674
"356",394,56.25,125.734134277309,0.363300492610837,203,0.779967159277504,1.14326765188834
"357",395,68.75,125.734134277309,-0.275037369207773,223,0.0582959641255605,-0.216741405082212
"358",396,81.25,125.734134277309,-0.714285714285714,210,-0.0253968253968254,-0.73968253968254
"359",397,93.75,125.734134277309,0.314210061782877,206,-0.776699029126214,-0.462488967343336
"360",398,106.25,125.734134277309,0.583171341294085,277,-0.2014440433213,0.381727297972785
"361",399,118.75,125.734134277309,-0.265873858568698,277,0.463537906137184,0.197664047568486
"362",400,131.25,125.734134277309,-0.322140322140322,407,-0.0999180999181,-0.422058422058422
"363",401,143.75,125.734134277309,0.11812476928756,301,0.162569213732004,0.280693983019564
"364",402,156.25,125.734134277309,-0.163763066202091,205,-0.278048780487805,-0.441811846689895
"365",403,168.75,125.734134277309,0.267857142857143,112,-0.732142857142857,-0.464285714285714
"366",404,181.25,125.734134277309,1.36363636363636,44,0.363636363636364,1.72727272727273
"367",405,193.75,125.734134277309,-0.96551724137931,29,-0.96551724137931,-1.93103448275862
"368",406,206.25,125.734134277309,0.578051282051282,375,0.578051282051282,1.15610256410256
"369",407,218.75,125.734134277309,-0.0294117647058822,408,0.345588235294118,0.316176470588236
"370",408,231.25,125.734134277309,-1.54545454545455,66,0.454545454545455,-1.09090909090909
"371",409,243.75,125.734134277309,-1.5,2,-1.5,-3
"372",411,-250,145.371260308121,0,1,0,0
"373",412,-237.5,145.371260308121,-0.666666666666667,18,0.833333333333333,0.166666666666667
"374",413,-225,145.371260308121,-0.878980891719745,157,0.121019108280255,-0.75796178343949
"375",414,-212.5,145.371260308121,0.200371057513915,441,0.711734693877551,0.912105751391466
"376",415,-200,145.371260308121,0.191851469829809,554,0.0489943269726663,0.240845796802476
"377",416,-187.5,145.371260308121,-1.06542056074766,107,1.93457943925234,0.869158878504673
"378",417,-175,145.371260308121,1.21875,64,-0.78125,0.4375
"379",418,-162.5,145.371260308121,1.32110091743119,109,-0.678899082568807,0.642201834862385
"380",419,-150,145.371260308121,-0.254098360655738,183,-0.354098360655738,-0.608196721311475
"381",420,-137.5,145.371260308121,-0.0927753651796288,298,-0.298657718120805,-0.391433083300434
"382",421,-125,145.371260308121,-0.018876404494382,356,0.555669050051073,0.536792645556691
"383",422,-112.5,145.371260308121,-0.526758409785933,327,0.36609873307121,-0.160659676714723
"384",423,-100,145.371260308121,0.0114988104678827,388,-0.12136832239925,-0.109869511931368
"385",424,-87.5,145.371260308121,-0.281362007168459,279,0.361495135688684,0.0801331285202251
"386",425,-75,145.371260308121,0.239669421487603,242,-0.279811097992916,-0.0401416765053131
"387",426,-62.5,145.371260308121,-0.0852941176470589,170,0.364705882352941,0.279411764705882
"388",427,-50,145.371260308121,-0.878378378378378,148,0.121621621621622,-0.756756756756757
"389",428,-37.5,145.371260308121,0.517964071856287,167,-0.482035928143713,0.0359281437125749
"390",429,-25,145.371260308121,-0.0372439478584731,179,1.29608938547486,1.25884543761639
"391",430,-12.5,145.371260308121,0.662112932604736,244,0.30655737704918,0.968670309653916
"392",431,0,145.371260308121,0.0401940401940403,444,0.117117117117117,0.157311157311157
"393",432,12.5,145.371260308121,-0.146902654867257,226,0.0530973451327433,-0.0938053097345133
"394",433,25,145.371260308121,0.412878787878788,176,-0.120454545454545,0.292424242424242
"395",434,37.5,145.371260308121,0.2,160,0.4,0.6
"396",435,50,145.371260308121,0.167701863354037,161,0.167701863354037,0.335403726708075
"397",436,62.5,145.371260308121,0.284626368396002,191,-0.139616055846422,0.14501031254958
"398",437,75,145.371260308121,0.136591478696742,304,-0.0465587044534412,0.0900327742433006
"399",438,87.5,145.371260308121,0.287228109313999,326,0.396319018404908,0.683547127718907
"400",439,100,145.371260308121,-0.356481481481482,400,0.458333333333333,0.101851851851852
"401",440,112.5,145.371260308121,0.322953289804118,362,-0.234622467771639,0.0883308220324793
"402",441,125,145.371260308121,-0.104928457869634,370,-0.310810810810811,-0.415739268680445
"403",442,137.5,145.371260308121,0.0222871757398612,322,-0.437605872388481,-0.41531869664862
"404",443,150,145.371260308121,-0.745098039215686,204,-0.745098039215686,-1.49019607843137
"405",444,162.5,145.371260308121,0.792929292929293,99,-0.0404040404040404,0.752525252525252
"406",445,175,145.371260308121,-0.888888888888889,36,-0.888888888888889,-1.77777777777778
"407",446,187.5,145.371260308121,-0.170634920634921,180,-1.02777777777778,-1.1984126984127
"408",447,200,145.371260308121,-0.115,600,0.269615384615385,0.154615384615385
"409",448,212.5,145.371260308121,0.305771592304544,349,0.270057306590258,0.575828898894801
"410",449,225,145.371260308121,-0.957446808510638,47,0.542553191489362,-0.414893617021277
"411",450,237.5,145.371260308121,-3,4,-3,-6
"412",452,-243.75,165.008386338934,0,1,0,0
"413",453,-231.25,165.008386338934,-0.75,12,-0.75,-1.5
"414",454,-218.75,165.008386338934,-0.97752808988764,89,-0.37752808988764,-1.35505617977528
"415",455,-206.25,165.008386338934,-0.240291262135922,412,0.0685322672758424,-0.17175899486008
"416",456,-193.75,165.008386338934,0.719812304483837,685,-0.0659019812304484,0.653910323253389
"417",457,-181.25,165.008386338934,-0.27051282051282,585,0.0383107088989443,-0.232202111613876
"418",458,-168.75,165.008386338934,0.576271186440678,118,1.57627118644068,2.15254237288136
"419",459,-156.25,165.008386338934,-0.542372881355932,59,-0.542372881355932,-1.08474576271186
"420",460,-143.75,165.008386338934,1.29850746268657,134,-0.301492537313433,0.997014925373134
"421",461,-131.25,165.008386338934,0.155015197568389,188,-0.202127659574468,-0.0471124620060791
"422",462,-118.75,165.008386338934,0.593607305936073,292,0.0936073059360731,0.687214611872146
"423",463,-106.25,165.008386338934,-0.129511677282378,314,-0.224749772520473,-0.354261449802851
"424",464,-93.75,165.008386338934,0.367597765363128,358,0.00970302852102323,0.377300793884152
"425",465,-81.25,165.008386338934,0.106312292358804,301,-0.250830564784053,-0.144518272425249
"426",466,-68.75,165.008386338934,0.000448028673835088,279,0.325448028673835,0.32589605734767
"427",467,-56.25,165.008386338934,0.456349206349206,252,0.0952380952380952,0.551587301587302
"428",468,-43.75,165.008386338934,0.625506072874494,247,0.325506072874494,0.951012145748988
"429",469,-31.25,165.008386338934,-0.248796147672552,178,-0.274770173646578,-0.52356632131913
"430",470,-18.75,165.008386338934,0.0653061224489796,196,0.154195011337868,0.219501133786848
"431",471,-6.25,165.008386338934,0.31169408626056,346,-0.555438780872307,-0.243744694611747
"432",472,6.25,165.008386338934,-0.212012644889357,365,0.0297455968688844,-0.182267048020473
"433",473,18.75,165.008386338934,-0.778846153846154,208,-0.233391608391608,-1.01223776223776
"434",474,31.25,165.008386338934,0.362252663622527,219,-0.748858447488584,-0.386605783866058
"435",475,43.75,165.008386338934,-0.184810126582278,237,0.124280782508631,-0.0605293440736479
"436",476,56.25,165.008386338934,-0.199730094466937,247,-0.53306342780027,-0.732793522267207
"437",477,68.75,165.008386338934,0.101045296167247,287,0.101045296167247,0.202090592334495
"438",478,81.25,165.008386338934,0.179093567251462,342,0.304093567251462,0.483187134502924
"439",479,93.75,165.008386338934,0.319047619047619,336,-0.214285714285714,0.104761904761905
"440",480,106.25,165.008386338934,-0.0738968633705476,342,-0.35672514619883,-0.430622009569378
"441",481,118.75,165.008386338934,0.479461279461279,297,0.279461279461279,0.758922558922559
"442",482,131.25,165.008386338934,-0.0392857142857143,224,0.160714285714286,0.121428571428571
"443",483,143.75,165.008386338934,-0.120689655172414,116,-0.620689655172414,-0.741379310344828
"444",484,156.25,165.008386338934,-0.949152542372881,59,0.550847457627119,-0.398305084745763
"445",485,168.75,165.008386338934,0.132825258573761,167,1.04191616766467,1.17474142623843
"446",486,181.25,165.008386338934,0.449362843729041,639,-0.559565727699531,-0.11020288397049
"447",487,193.75,165.008386338934,0.707410562180579,587,-0.360771256001239,0.34663930617934
"448",488,206.25,165.008386338934,-0.970149253731343,201,-0.970149253731343,-1.94029850746269
"449",489,218.75,165.008386338934,-1.07692307692308,39,-1.07692307692308,-2.15384615384615
"450",490,231.25,165.008386338934,-1.2,10,-1.2,-2.4
"451",494,-237.5,184.645512369746,-3,1,-3,-6
"452",495,-225,184.645512369746,-1.38461538461538,13,-1.38461538461538,-2.76923076923077
"453",496,-212.5,184.645512369746,-1.23214285714286,56,-1.23214285714286,-2.46428571428571
"454",497,-200,184.645512369746,-0.981042654028436,211,0.818957345971564,-0.162085308056872
"455",498,-187.5,184.645512369746,0.628413865546218,544,0.115808823529412,0.74422268907563
"456",499,-175,184.645512369746,0.219806434023991,917,-0.0582108073553189,0.161595626668672
"457",500,-162.5,184.645512369746,0.0969230769230769,650,0.206234817813765,0.303157894736842
"458",501,-150,184.645512369746,-0.167148640832851,266,-0.490225563909774,-0.657374204742626
"459",502,-137.5,184.645512369746,-1.11764705882353,34,0.882352941176471,-0.235294117647059
"460",503,-125,184.645512369746,0.139240506329114,79,0.139240506329114,0.278481012658228
"461",504,-112.5,184.645512369746,0.434108527131783,129,0.60077519379845,1.03488372093023
"462",505,-100,184.645512369746,0.43469387755102,196,-0.565306122448979,-0.130612244897959
"463",506,-87.5,184.645512369746,-0.82051282051282,195,-0.0932400932400932,-0.913752913752914
"464",507,-75,184.645512369746,-0.092539039907461,247,0.245123297754877,0.152584257847416
"465",508,-62.5,184.645512369746,-0.210450966356478,254,0.244094488188976,0.0336435218324982
"466",509,-50,184.645512369746,0.204724409448819,254,-0.128608923884515,0.0761154855643044
"467",510,-37.5,184.645512369746,0.0649452269170578,284,0.176056338028169,0.241001564945227
"468",511,-25,184.645512369746,-0.180471380471381,270,0.162962962962963,-0.0175084175084177
"469",512,-12.5,184.645512369746,-0.23186119873817,317,-0.33186119873817,-0.563722397476341
"470",513,0,184.645512369746,0.160142348754448,562,0.0692332578453575,0.229375606599806
"471",514,12.5,184.645512369746,0.13125,320,0.0201388888888888,0.151388888888889
"472",515,25,184.645512369746,-0.0689075630252101,350,-0.0571428571428572,-0.126050420168067
"473",516,37.5,184.645512369746,0.384615384615385,312,0.225524475524475,0.61013986013986
"474",517,50,184.645512369746,0.138790035587189,281,0.694345591142744,0.833135626729933
"475",518,62.5,184.645512369746,0.373714285714286,250,-0.412,-0.0382857142857143
"476",519,75,184.645512369746,0.0524553571428571,256,0.104403409090909,0.156858766233766
"477",520,87.5,184.645512369746,0.194029850746269,201,-0.0367393800229621,0.157290470723307
"478",521,100,184.645512369746,-0.761421319796954,197,0.381435823060189,-0.379985496736766
"479",522,112.5,184.645512369746,-0.154347826086957,115,0.295652173913043,0.141304347826087
"480",523,125,184.645512369746,-0.716049382716049,81,-0.716049382716049,-1.4320987654321
"481",524,137.5,184.645512369746,0.178571428571429,56,-0.821428571428571,-0.642857142857143
"482",525,150,184.645512369746,-0.281987577639752,345,0.860869565217391,0.57888198757764
"483",526,162.5,184.645512369746,0.667425679949399,765,-0.442930856553148,0.224494823396252
"484",527,175,184.645512369746,-0.129432335718933,848,-0.0924865229110512,-0.221918858629984
"485",528,187.5,184.645512369746,0.521341463414634,328,-0.121515679442509,0.399825783972125
"486",529,200,184.645512369746,0.489473684210526,95,-0.0105263157894737,0.478947368421053
"487",530,212.5,184.645512369746,-0.5,18,-0.5,-1
"488",531,225,184.645512369746,0,1,0,0
"489",536,-218.75,204.282638400558,-1.5,4,-1.5,-3
"490",537,-206.25,204.282638400558,-0.942857142857143,35,-0.942857142857143,-1.88571428571429
"491",538,-193.75,204.282638400558,-1.0531914893617,94,1.9468085106383,0.893617021276596
"492",539,-181.25,204.282638400558,0.5,234,-0.25,0.25
"493",540,-168.75,204.282638400558,-0.56958174904943,526,-0.112438891906573,-0.682020640956002
"494",541,-156.25,204.282638400558,0.0523809523809524,805,-0.296103896103896,-0.243722943722944
"495",542,-143.75,204.282638400558,0.106256890848953,907,0.0955426051346668,0.201799495983619
"496",543,-131.25,204.282638400558,0.334767206477733,494,0.0810907358894976,0.41585794236723
"497",544,-118.75,204.282638400558,0.610658771280533,193,1.89637305699482,2.50703182827535
"498",545,-106.25,204.282638400558,-0.942307692307692,52,-0.942307692307692,-1.88461538461538
"499",546,-93.75,204.282638400558,-0.62962962962963,54,-0.62962962962963,-1.25925925925926
"500",547,-81.25,204.282638400558,0.482051282051282,78,0.282051282051282,0.764102564102564
"501",548,-68.75,204.282638400558,-0.3,110,0,-0.3
"502",549,-56.25,204.282638400558,-0.172043010752688,93,-0.172043010752688,-0.344086021505376
"503",550,-43.75,204.282638400558,-0.576,125,0.0906666666666667,-0.485333333333333
"504",551,-31.25,204.282638400558,-0.151975683890578,141,-0.0567375886524824,-0.20871327254306
"505",552,-18.75,204.282638400558,-0.723404255319149,188,0.876595744680851,0.153191489361702
"506",553,-6.25,204.282638400558,-0.248074454428755,328,0.368466898954704,0.120392444525949
"507",554,6.25,204.282638400558,-0.211204979991107,346,-0.6043673731535,-0.815572353144607
"508",555,18.75,204.282638400558,-0.451063829787234,188,-0.451063829787234,-0.902127659574468
"509",556,31.25,204.282638400558,0.00450450450450446,148,0.671171171171171,0.675675675675676
"510",557,43.75,204.282638400558,0.0228310502283104,146,0.467275494672755,0.490106544901065
"511",558,56.25,204.282638400558,0.182608695652174,115,-0.317391304347826,-0.134782608695652
"512",559,68.75,204.282638400558,-0.873015873015873,126,0.126984126984127,-0.746031746031746
"513",560,81.25,204.282638400558,-0.608695652173913,92,0.391304347826087,-0.217391304347826
"514",561,93.75,204.282638400558,-1,48,0,-1
"515",562,106.25,204.282638400558,1.22222222222222,63,0.555555555555555,1.77777777777778
"516",563,118.75,204.282638400558,-0.029126213592233,309,-0.029126213592233,-0.058252427184466
"517",564,131.25,204.282638400558,-0.0897250361794502,691,0.819365872911459,0.729640836732009
"518",565,143.75,204.282638400558,-0.0676855895196506,916,-0.13665110676103,-0.204336696280681
"519",566,156.25,204.282638400558,0.282302814110186,841,0.210463733650416,0.492766547760603
"520",567,168.75,204.282638400558,-0.394329896907216,388,-0.287187039764359,-0.681516936671576
"521",568,181.25,204.282638400558,-0.866666666666667,135,-0.866666666666667,-1.73333333333333
"522",569,193.75,204.282638400558,-1,42,0,-1
"523",570,206.25,204.282638400558,-0.428571428571429,7,-0.428571428571429,-0.857142857142857
"524",571,218.75,204.282638400558,0,3,0,0
"525",573,243.75,204.282638400558,0,1,0,0
"526",577,-225,223.91976443137,0,3,0,0
"527",578,-212.5,223.91976443137,-0.6,5,-0.6,-1.2
"528",579,-200,223.91976443137,-0.428571428571429,14,-0.428571428571429,-0.857142857142857
"529",580,-187.5,223.91976443137,-1.08333333333333,36,-1.08333333333333,-2.16666666666667
"530",581,-175,223.91976443137,-0.958762886597938,97,-0.458762886597938,-1.41752577319588
"531",582,-162.5,223.91976443137,-0.982142857142857,168,-0.232142857142857,-1.21428571428571
"532",583,-150,223.91976443137,-1.05511811023622,381,-0.197975253093363,-1.25309336332958
"533",584,-137.5,223.91976443137,0.264773403622141,619,0.126615508885299,0.39138891250744
"534",585,-125,223.91976443137,0.068802458919494,769,0.151806411488664,0.220608870408158
"535",586,-112.5,223.91976443137,1.04485363550519,706,-0.339204335509299,0.705649299995894
"536",587,-100,223.91976443137,-0.373693379790941,574,-0.0327842888818499,-0.406477668672791
"537",588,-87.5,223.91976443137,-0.47752808988764,356,-0.47752808988764,-0.955056179775281
"538",589,-75,223.91976443137,0.27720207253886,193,-0.22279792746114,0.0544041450777204
"539",590,-62.5,223.91976443137,0.333333333333333,78,0.333333333333333,0.666666666666667
"540",591,-50,223.91976443137,-0.686274509803922,51,-0.686274509803922,-1.37254901960784
"541",592,-37.5,223.91976443137,-0.769230769230769,39,-0.769230769230769,-1.53846153846154
"542",593,-25,223.91976443137,-0.63265306122449,49,1.36734693877551,0.73469387755102
"543",594,-12.5,223.91976443137,-0.196969696969697,66,-0.696969696969697,-0.893939393939394
"544",595,0,223.91976443137,0.263157894736842,114,0.263157894736842,0.526315789473684
"545",596,12.5,223.91976443137,-1.04166666666667,48,0.958333333333333,-0.0833333333333335
"546",597,25,223.91976443137,-0.877551020408163,49,-0.877551020408163,-1.75510204081633
"547",598,37.5,223.91976443137,-0.857142857142857,21,1.14285714285714,0.285714285714286
"548",599,50,223.91976443137,0.513888888888889,72,-0.986111111111111,-0.472222222222222
"549",600,62.5,223.91976443137,0.374015748031496,127,-0.125984251968504,0.248031496062992
"550",601,75,223.91976443137,-0.0185185185185186,270,-0.0185185185185186,-0.0370370370370372
"551",602,87.5,223.91976443137,0.129464285714286,448,0.510416666666667,0.639880952380953
"552",603,100,223.91976443137,-0.14276667604841,836,-0.448196540301804,-0.590963216350213
"553",604,112.5,223.91976443137,0.284632034632035,792,-0.303939393939394,-0.0193073593073595
"554",605,125,223.91976443137,-0.385517799352751,824,-0.328046534984935,-0.713564334337686
"555",606,137.5,223.91976443137,0.522964509394572,479,0.689631176061239,1.21259568545581
"556",607,150,223.91976443137,0.118032786885246,244,-0.331967213114754,-0.213934426229508
"557",608,162.5,223.91976443137,-0.775280898876405,89,0.124719101123596,-0.650561797752809
"558",609,175,223.91976443137,-0.4375,48,-0.4375,-0.875
"559",610,187.5,223.91976443137,-1.28571428571429,14,1.71428571428571,0.428571428571428
"560",611,200,223.91976443137,0,7,0,0
"561",612,212.5,223.91976443137,0,2,0,0
"562",613,225,223.91976443137,0,1,0,0
"563",618,-218.75,243.556890462182,-3,2,-3,-6
"564",619,-206.25,243.556890462182,0,2,0,0
"565",620,-193.75,243.556890462182,0,4,0,0
"566",621,-181.25,243.556890462182,-1.28571428571429,7,-1.28571428571429,-2.57142857142857
"567",622,-168.75,243.556890462182,-1.03846153846154,26,-1.03846153846154,-2.07692307692308
"568",623,-156.25,243.556890462182,-0.827586206896552,58,-0.827586206896552,-1.6551724137931
"569",624,-143.75,243.556890462182,-0.878048780487805,82,-0.878048780487805,-1.75609756097561
"570",625,-131.25,243.556890462182,-1.02985074626866,134,-1.02985074626866,-2.05970149253731
"571",626,-118.75,243.556890462182,2.07692307692308,234,0.276923076923077,2.35384615384615
"572",627,-106.25,243.556890462182,0.0357142857142857,336,-0.364285714285714,-0.328571428571429
"573",628,-93.75,243.556890462182,-0.326086956521739,414,-0.135610766045549,-0.461697722567288
"574",629,-81.25,243.556890462182,-0.686135371179039,458,-0.368827678871347,-1.05496305005039
"575",630,-68.75,243.556890462182,0.24065362713543,577,-0.107560658578856,0.133092968556573
"576",631,-56.25,243.556890462182,-0.2330361190872,509,0.360370474319394,0.127334355232194
"577",632,-43.75,243.556890462182,0.517241379310345,522,0.0505747126436782,0.567816091954023
"578",633,-31.25,243.556890462182,0.390590809628009,457,-0.171909190371991,0.218681619256018
"579",634,-18.75,243.556890462182,-0.187478559176672,530,0.0996027805362463,-0.0878757786404262
"580",635,-6.25,243.556890462182,-0.523336909871245,699,-0.148336909871245,-0.671673819742489
"581",636,6.25,243.556890462182,0.11035221641891,786,-0.13776808433297,-0.0274158679140598
"582",637,18.75,243.556890462182,0.356315375098414,523,-0.423870383415518,-0.0675550083171035
"583",638,31.25,243.556890462182,-0.286679536679537,518,0.213320463320463,-0.0733590733590734
"584",639,43.75,243.556890462182,0.851272015655577,511,-0.0772994129158513,0.773972602739726
"585",640,56.25,243.556890462182,0.674484719260839,603,0.195493122622183,0.869977841883022
"586",641,68.75,243.556890462182,0.388888888888889,594,0.275252525252525,0.664141414141414
"587",642,81.25,243.556890462182,0.898850085178876,587,-0.376149914821124,0.522700170357751
"588",643,93.75,243.556890462182,0.240501519756839,376,-0.162859824780976,0.0776416949758627
"589",644,106.25,243.556890462182,0.951557093425605,289,0.618223760092272,1.56978085351788
"590",645,118.75,243.556890462182,0.627906976744186,172,-0.122093023255814,0.505813953488372
"591",646,131.25,243.556890462182,-1.11504424778761,113,-0.115044247787611,-1.23008849557522
"592",647,143.75,243.556890462182,-0.710526315789474,38,-0.710526315789474,-1.42105263157895
"593",648,156.25,243.556890462182,-0.804878048780488,41,-0.804878048780488,-1.60975609756098
"594",649,168.75,243.556890462182,-0.631578947368421,19,-0.631578947368421,-1.26315789473684
"595",650,181.25,243.556890462182,-0.6,10,-0.6,-1.2
"596",651,193.75,243.556890462182,-1.5,4,-1.5,-3
"597",652,206.25,243.556890462182,0,2,0,0
"598",659,-225,263.194016492994,0,1,0,0
"599",661,-200,263.194016492994,0,1,0,0
"600",662,-187.5,263.194016492994,0,5,0,0
"601",663,-175,263.194016492994,-0.545454545454545,11,-0.545454545454545,-1.09090909090909
"602",664,-162.5,263.194016492994,-0.428571428571429,7,-0.428571428571429,-0.857142857142857
"603",665,-150,263.194016492994,-0.882352941176471,17,-0.882352941176471,-1.76470588235294
"604",666,-137.5,263.194016492994,-0.375,16,-0.375,-0.75
"605",667,-125,263.194016492994,-0.818181818181818,33,-0.818181818181818,-1.63636363636364
"606",668,-112.5,263.194016492994,-0.909090909090909,33,-0.909090909090909,-1.81818181818182
"607",669,-100,263.194016492994,-1.11290322580645,62,0.887096774193548,-0.225806451612903
"608",670,-87.5,263.194016492994,0.436708860759494,79,-1.06329113924051,-0.626582278481012
"609",671,-75,263.194016492994,0.287234042553191,94,-1.21276595744681,-0.925531914893617
"610",672,-62.5,263.194016492994,-0.9,120,-0.3,-1.2
"611",673,-50,263.194016492994,0.979591836734694,147,1.97959183673469,2.95918367346939
"612",674,-37.5,263.194016492994,-0.96875,192,-0.96875,-1.9375
"613",675,-25,263.194016492994,-0.995951417004049,247,0.204048582995951,-0.791902834008097
"614",676,-12.5,263.194016492994,-0.273168757588021,353,-0.530311614730878,-0.803480372318899
"615",677,0,263.194016492994,-0.294384322901433,526,0.29902227050516,0.00463794760372704
"616",678,12.5,263.194016492994,-0.157502072395689,329,-0.675683890577508,-0.833185962973197
"617",679,25,263.194016492994,-1.15481171548117,239,-0.404811715481171,-1.55962343096234
"618",680,37.5,263.194016492994,-0.888888888888889,189,0.111111111111111,-0.777777777777778
"619",681,50,263.194016492994,-0.58705035971223,139,0.31294964028777,-0.27410071942446
"620",682,62.5,263.194016492994,-1,117,-1,-2
"621",683,75,263.194016492994,-1.24752475247525,101,0.752475247524752,-0.495049504950495
"622",684,87.5,263.194016492994,-0.722222222222222,54,-0.722222222222222,-1.44444444444444
"623",685,100,263.194016492994,-1.02439024390244,41,0.475609756097561,-0.548780487804878
"624",686,112.5,263.194016492994,-1,18,-1,-2
"625",687,125,263.194016492994,-0.6,25,-0.6,-1.2
"626",688,137.5,263.194016492994,-1.05,20,1.95,0.9
"627",689,150,263.194016492994,-0.818181818181818,11,-0.818181818181818,-1.63636363636364
"628",690,162.5,263.194016492994,-1.15384615384615,13,-1.15384615384615,-2.30769230769231
"629",691,175,263.194016492994,-0.272727272727273,11,-0.272727272727273,-0.545454545454545
"630",692,187.5,263.194016492994,0,2,0,0
"631",693,200,263.194016492994,0,1,0,0
"632",701,-206.25,282.831142523807,-1.5,2,-1.5,-3
"633",702,-193.75,282.831142523807,0,2,0,0
"634",703,-181.25,282.831142523807,0,3,0,0
"635",704,-168.75,282.831142523807,-0.6,5,-0.6,-1.2
"636",705,-156.25,282.831142523807,0,3,0,0
"637",706,-143.75,282.831142523807,-3,1,-3,-6
"638",707,-131.25,282.831142523807,-0.9,10,-0.9,-1.8
"639",708,-118.75,282.831142523807,-0.333333333333333,9,-0.333333333333333,-0.666666666666667
"640",709,-106.25,282.831142523807,-1,3,-1,-2
"641",710,-93.75,282.831142523807,-1,12,-1,-2
"642",711,-81.25,282.831142523807,-1.36363636363636,11,-1.36363636363636,-2.72727272727273
"643",712,-68.75,282.831142523807,-1.2,15,1.8,0.6
"644",713,-56.25,282.831142523807,-0.789473684210526,19,-0.789473684210526,-1.57894736842105
"645",714,-43.75,282.831142523807,-1.61538461538462,13,1.38461538461538,-0.230769230769231
"646",715,-31.25,282.831142523807,-0.909090909090909,33,2.09090909090909,1.18181818181818
"647",716,-18.75,282.831142523807,-0.866666666666667,45,1.38333333333333,0.516666666666667
"648",717,-6.25,282.831142523807,2.34782608695652,69,0.847826086956522,3.19565217391304
"649",718,6.25,282.831142523807,-1.02,50,1.98,0.96
"650",719,18.75,282.831142523807,-0.931034482758621,29,0.568965517241379,-0.362068965517241
"651",720,31.25,282.831142523807,-0.25,24,-0.25,-0.5
"652",721,43.75,282.831142523807,-1.30434782608696,23,-1.30434782608696,-2.60869565217391
"653",722,56.25,282.831142523807,-0.333333333333333,9,-0.333333333333333,-0.666666666666667
"654",723,68.75,282.831142523807,-0.5,6,-0.5,-1
"655",724,81.25,282.831142523807,-2.14285714285714,7,-2.14285714285714,-4.28571428571429
"656",725,93.75,282.831142523807,-0.3,10,-0.3,-0.6
"657",726,106.25,282.831142523807,-0.6,5,2.4,1.8
"658",727,118.75,282.831142523807,-1,3,2,1
"659",728,131.25,282.831142523807,-1.28571428571429,7,-1.28571428571429,-2.57142857142857
"660",729,143.75,282.831142523807,-0.75,4,-0.75,-1.5
"661",730,156.25,282.831142523807,0,5,0,0
"662",731,168.75,282.831142523807,0,3,0,0
"663",732,181.25,282.831142523807,0,1,0,0
"664",734,206.25,282.831142523807,0,3,0,0
"665",736,231.25,282.831142523807,0,1,0,0
"666",743,-200,302.468268554619,0,3,0,0
"667",744,-187.5,302.468268554619,0,5,0,0
"668",745,-175,302.468268554619,0,2,0,0
"669",747,-150,302.468268554619,0,3,0,0
"670",748,-137.5,302.468268554619,-2,3,-2,-4
"671",749,-125,302.468268554619,0,4,0,0
"672",750,-112.5,302.468268554619,0,1,0,0
"673",751,-100,302.468268554619,0,1,0,0
"674",752,-87.5,302.468268554619,-1.5,2,-1.5,-3
"675",753,-75,302.468268554619,0,2,0,0
"676",754,-62.5,302.468268554619,0,4,0,0
"677",755,-50,302.468268554619,-1,3,-1,-2
"678",756,-37.5,302.468268554619,0,2,0,0
"679",757,-25,302.468268554619,-2,6,-2,-4
"680",758,-12.5,302.468268554619,-0.25,12,-0.25,-0.5
"681",759,0,302.468268554619,-1.23529411764706,17,-1.23529411764706,-2.47058823529412
"682",760,12.5,302.468268554619,-0.428571428571429,7,-0.428571428571429,-0.857142857142857
"683",761,25,302.468268554619,-0.75,4,-0.75,-1.5
"684",762,37.5,302.468268554619,0,1,0,0
"685",763,50,302.468268554619,-0.428571428571429,7,-0.428571428571429,-0.857142857142857
"686",764,62.5,302.468268554619,0,2,0,0
"687",765,75,302.468268554619,0,2,0,0
"688",766,87.5,302.468268554619,0,1,0,0
"689",768,112.5,302.468268554619,-1,3,-1,-2
"690",769,125,302.468268554619,0,3,0,0
"691",770,137.5,302.468268554619,-0.5,6,-0.5,-1
"692",771,150,302.468268554619,-0.75,4,-0.75,-1.5
"693",772,162.5,302.468268554619,0,3,0,0
"694",773,175,302.468268554619,0,4,0,0
"695",774,187.5,302.468268554619,0,1,0,0
"696",775,200,302.468268554619,0,2,0,0
"697",782,-218.75,322.105394585431,0,2,0,0
"698",785,-181.25,322.105394585431,-0.75,4,-0.75,-1.5
"699",786,-168.75,322.105394585431,0,4,0,0
"700",787,-156.25,322.105394585431,0,1,0,0
"701",788,-143.75,322.105394585431,0,2,0,0
"702",790,-118.75,322.105394585431,0,1,0,0
"703",791,-106.25,322.105394585431,0,1,0,0
"704",792,-93.75,322.105394585431,-1.5,2,-1.5,-3
"705",794,-68.75,322.105394585431,0,3,0,0
"706",796,-43.75,322.105394585431,0,2,0,0
"707",797,-31.25,322.105394585431,0,1,0,0
"708",798,-18.75,322.105394585431,0,1,0,0
"709",799,-6.25,322.105394585431,-0.6,5,-0.6,-1.2
"710",800,6.25,322.105394585431,-0.6,5,-0.6,-1.2
"711",801,18.75,322.105394585431,0,2,0,0
"712",802,31.25,322.105394585431,0,1,0,0
"713",803,43.75,322.105394585431,0,1,0,0
"714",804,56.25,322.105394585431,0,2,0,0
"715",805,68.75,322.105394585431,0,3,0,0
"716",806,81.25,322.105394585431,0,2,0,0
"717",810,131.25,322.105394585431,0,2,0,0
"718",811,143.75,322.105394585431,0,1,0,0
"719",812,156.25,322.105394585431,-0.75,4,-0.75,-1.5
"720",813,168.75,322.105394585431,0,1,0,0
"721",814,181.25,322.105394585431,0,2,0,0
"722",815,193.75,322.105394585431,0,1,0,0
"723",824,-212.5,341.742520616243,0,1,0,0
"724",825,-200,341.742520616243,-0.75,4,-0.75,-1.5
"725",826,-187.5,341.742520616243,0,3,0,0
"726",827,-175,341.742520616243,0,5,0,0
"727",828,-162.5,341.742520616243,0,3,0,0
"728",829,-150,341.742520616243,-1,3,-1,-2
"729",831,-125,341.742520616243,0,3,0,0
"730",832,-112.5,341.742520616243,0,2,0,0
"731",833,-100,341.742520616243,0,1,0,0
"732",835,-75,341.742520616243,0,1,0,0
"733",837,-50,341.742520616243,-3,1,0,-3
"734",839,-25,341.742520616243,-3,2,-3,-6
"735",840,-12.5,341.742520616243,0,3,0,0
"736",841,0,341.742520616243,0,4,0,0
"737",842,12.5,341.742520616243,0,3,0,0
"738",844,37.5,341.742520616243,0,1,0,0
"739",845,50,341.742520616243,0,2,0,0
"740",846,62.5,341.742520616243,0,1,0,0
"741",848,87.5,341.742520616243,0,1,0,0
"742",849,100,341.742520616243,-1.5,2,-1.5,-3
"743",850,112.5,341.742520616243,0,1,0,0
"744",851,125,341.742520616243,0,2,0,0
"745",852,137.5,341.742520616243,0,1,0,0
"746",853,150,341.742520616243,0,1,0,0
"747",854,162.5,341.742520616243,-1.5,4,-1.5,-3
"748",855,175,341.742520616243,0,4,0,0
"749",856,187.5,341.742520616243,0,3,0,0
"750",857,200,341.742520616243,0,1,0,0
"751",864,-218.75,361.379646647055,0,1,0,0
"752",865,-206.25,361.379646647055,0,1,0,0
"753",866,-193.75,361.379646647055,0,3,0,0
"754",867,-181.25,361.379646647055,0,4,0,0
"755",868,-168.75,361.379646647055,0,1,0,0
"756",869,-156.25,361.379646647055,-1.2,5,-1.2,-2.4
"757",870,-143.75,361.379646647055,0,1,0,0
"758",871,-131.25,361.379646647055,0,2,0,0
"759",873,-106.25,361.379646647055,0,1,0,0
"760",874,-93.75,361.379646647055,0,1,0,0
"761",875,-81.25,361.379646647055,0,1,0,0
"762",876,-68.75,361.379646647055,0,1,0,0
"763",877,-56.25,361.379646647055,0,1,0,0
"764",878,-43.75,361.379646647055,0,1,0,0
"765",879,-31.25,361.379646647055,0,1,0,0
"766",881,-6.25,361.379646647055,-0.75,4,-0.75,-1.5
"767",882,6.25,361.379646647055,0,4,0,0
"768",884,31.25,361.379646647055,0,1,0,0
"769",887,68.75,361.379646647055,0,1,0,0
"770",888,81.25,361.379646647055,0,1,0,0
"771",890,106.25,361.379646647055,0,2,0,0
"772",891,118.75,361.379646647055,0,1,0,0
"773",892,131.25,361.379646647055,0,2,0,0
"774",893,143.75,361.379646647055,0,1,0,0
"775",894,156.25,361.379646647055,0,1,0,0
"776",895,168.75,361.379646647055,0,1,0,0
"777",896,181.25,361.379646647055,-1,3,-1,-2
"778",897,193.75,361.379646647055,0,1,0,0
"779",898,206.25,361.379646647055,0,1,0,0
"780",905,-225,381.016772677867,0,1,0,0
"781",906,-212.5,381.016772677867,0,4,0,0
"782",907,-200,381.016772677867,0,1,0,0
"783",908,-187.5,381.016772677867,0,1,0,0
"784",909,-175,381.016772677867,0,5,0,0
"785",910,-162.5,381.016772677867,0,3,0,0
"786",912,-137.5,381.016772677867,0,2,0,0
"787",913,-125,381.016772677867,-3,1,-3,-6
"788",914,-112.5,381.016772677867,0,1,0,0
"789",917,-75,381.016772677867,0,2,0,0
"790",918,-62.5,381.016772677867,0,1,0,0
"791",920,-37.5,381.016772677867,0,1,0,0
"792",921,-25,381.016772677867,0,2,0,0
"793",922,-12.5,381.016772677867,0,2,0,0
"794",923,0,381.016772677867,-0.5,6,2.5,2
"795",924,12.5,381.016772677867,0,1,0,0
"796",925,25,381.016772677867,0,1,0,0
"797",926,37.5,381.016772677867,0,1,0,0
"798",927,50,381.016772677867,0,1,0,0
"799",928,62.5,381.016772677867,-3,1,-3,-6
"800",929,75,381.016772677867,0,1,0,0
"801",930,87.5,381.016772677867,0,1,0,0
"802",932,112.5,381.016772677867,0,2,0,0
"803",933,125,381.016772677867,0,1,0,0
"804",934,137.5,381.016772677867,0,4,0,0
"805",936,162.5,381.016772677867,0,1,0,0
"806",937,175,381.016772677867,0,2,0,0
"807",938,187.5,381.016772677867,0,2,0,0
"808",939,200,381.016772677867,0,2,0,0
"809",940,212.5,381.016772677867,0,1,0,0
"810",945,-231.25,400.653898708679,0,1,0,0
"811",946,-218.75,400.653898708679,0,1,0,0
"812",947,-206.25,400.653898708679,0,1,0,0
"813",948,-193.75,400.653898708679,0,1,0,0
"814",949,-181.25,400.653898708679,-3,1,-3,-6
"815",950,-168.75,400.653898708679,0,1,0,0
"816",951,-156.25,400.653898708679,0,1,0,0
"817",952,-143.75,400.653898708679,0,1,0,0
"818",954,-118.75,400.653898708679,0,1,0,0
"819",955,-106.25,400.653898708679,0,3,0,0
"820",956,-93.75,400.653898708679,0,1,0,0
"821",957,-81.25,400.653898708679,0,3,0,0
"822",958,-68.75,400.653898708679,0,2,0,0
"823",961,-31.25,400.653898708679,0,2,0,0
"824",962,-18.75,400.653898708679,0,1,0,0
"825",963,-6.25,400.653898708679,0,11,0,0
"826",964,6.25,400.653898708679,-0.375,8,-0.375,-0.75
"827",965,18.75,400.653898708679,-1,3,-1,-2
"828",966,31.25,400.653898708679,0,3,0,0
"829",967,43.75,400.653898708679,0,2,0,0
"830",968,56.25,400.653898708679,0,1,0,0
"831",969,68.75,400.653898708679,0,2,0,0
"832",970,81.25,400.653898708679,0,1,0,0
"833",971,93.75,400.653898708679,-1.5,4,-1.5,-3
"834",974,131.25,400.653898708679,0,4,0,0
"835",976,156.25,400.653898708679,0,3,0,0
"836",977,168.75,400.653898708679,0,2,0,0
"837",978,181.25,400.653898708679,0,1,0,0
"838",980,206.25,400.653898708679,0,2,0,0
"839",981,218.75,400.653898708679,0,1,0,0
"840",994,-137.5,420.291024739492,0,1,0,0
"841",997,-100,420.291024739492,0,1,0,0
"842",998,-87.5,420.291024739492,0,1,0,0
"843",999,-75,420.291024739492,0,2,0,0
"844",1004,-12.5,420.291024739492,0,1,0,0
"845",1005,0,420.291024739492,0,1,0,0
"846",1012,87.5,420.291024739492,-3,1,-3,-6
"847",1013,100,420.291024739492,0,1,0,0
"848",1016,137.5,420.291024739492,0,1,0,0
"849",1017,150,420.291024739492,0,1,0,0
"850",1019,175,420.291024739492,0,1,0,0
"851",1029,-206.25,439.928150770304,0,1,0,0
"852",1030,-193.75,439.928150770304,0,1,0,0
"853",1031,-181.25,439.928150770304,0,1,0,0
"854",1033,-156.25,439.928150770304,0,1,0,0
"855",1034,-143.75,439.928150770304,0,2,0,0
"856",1035,-131.25,439.928150770304,-3,1,-3,-6
"857",1036,-118.75,439.928150770304,0,1,0,0
"858",1037,-106.25,439.928150770304,0,2,0,0
"859",1039,-81.25,439.928150770304,0,1,0,0
"860",1043,-31.25,439.928150770304,0,1,0,0
"861",1044,-18.75,439.928150770304,0,3,0,0
"862",1045,-6.25,439.928150770304,-0.75,4,-0.75,-1.5
"863",1046,6.25,439.928150770304,0,6,0,0
"864",1048,31.25,439.928150770304,0,1,0,0
"865",1050,56.25,439.928150770304,0,1,0,0
"866",1051,68.75,439.928150770304,0,1,0,0
"867",1054,106.25,439.928150770304,-3,1,-3,-6
"868",1055,118.75,439.928150770304,0,2,0,0
"869",1059,168.75,439.928150770304,0,1,0,0
"870",1060,181.25,439.928150770304,-1.5,2,-1.5,-3
"871",1061,193.75,439.928150770304,0,2,0,0
"872",1062,206.25,439.928150770304,0,1,0,0
"873",1069,-225,459.565276801116,0,2,0,0
"874",1072,-187.5,459.565276801116,0,2,0,0
"875",1074,-162.5,459.565276801116,-1,3,-1,-2
"876",1075,-150,459.565276801116,0,1,0,0
"877",1076,-137.5,459.565276801116,0,2,0,0
"878",1077,-125,459.565276801116,0,3,0,0
"879",1078,-112.5,459.565276801116,0,1,0,0
"880",1084,-37.5,459.565276801116,0,1,0,0
"881",1085,-25,459.565276801116,0,1,0,0
"882",1086,-12.5,459.565276801116,0,1,0,0
"883",1087,0,459.565276801116,0,8,0,0
"884",1088,12.5,459.565276801116,0,2,0,0
"885",1089,25,459.565276801116,0,1,0,0
"886",1091,50,459.565276801116,0,2,0,0
"887",1092,62.5,459.565276801116,0,4,0,0
"888",1093,75,459.565276801116,0,2,0,0
"889",1094,87.5,459.565276801116,0,2,0,0
"890",1095,100,459.565276801116,0,1,0,0
"891",1096,112.5,459.565276801116,-1.5,2,-1.5,-3
"892",1097,125,459.565276801116,0,2,0,0
"893",1098,137.5,459.565276801116,0,4,0,0
"894",1099,150,459.565276801116,0,3,0,0
"895",1100,162.5,459.565276801116,0,1,0,0
"896",1101,175,459.565276801116,-1,3,-1,-2
"897",1102,187.5,459.565276801116,0,5,0,0
"898",1103,200,459.565276801116,0,1,0,0
"899",1113,-181.25,479.202402831928,-3,1,-3,-6
"900",1114,-168.75,479.202402831928,0,3,0,0
"901",1115,-156.25,479.202402831928,0,1,0,0
"902",1116,-143.75,479.202402831928,0,2,0,0
"903",1119,-106.25,479.202402831928,0,2,0,0
"904",1120,-93.75,479.202402831928,0,1,0,0
"905",1124,-43.75,479.202402831928,0,1,0,0
"906",1126,-18.75,479.202402831928,0,3,0,0
"907",1127,-6.25,479.202402831928,0,2,0,0
"908",1128,6.25,479.202402831928,0,3,0,0
"909",1129,18.75,479.202402831928,0,1,0,0
"910",1130,31.25,479.202402831928,0,1,0,0
"911",1131,43.75,479.202402831928,0,1,0,0
"912",1132,56.25,479.202402831928,0,3,0,0
"913",1133,68.75,479.202402831928,0,1,0,0
"914",1134,81.25,479.202402831928,0,2,0,0
"915",1136,106.25,479.202402831928,0,1,0,0
"916",1137,118.75,479.202402831928,0,1,0,0
"917",1138,131.25,479.202402831928,0,2,0,0
"918",1139,143.75,479.202402831928,0,1,0,0
"919",1140,156.25,479.202402831928,0,3,0,0
"920",1141,168.75,479.202402831928,0,2,0,0
"921",1142,181.25,479.202402831928,0,1,0,0
"922",1143,193.75,479.202402831928,0,2,0,0
"923",1153,-200,498.83952886274,0,1,0,0
"924",1156,-162.5,498.83952886274,0,1,0,0
"925",1157,-150,498.83952886274,0,4,0,0
"926",1158,-137.5,498.83952886274,0,2,0,0
"927",1160,-112.5,498.83952886274,0,1,0,0
"928",1161,-100,498.83952886274,0,3,0,0
"929",1162,-87.5,498.83952886274,0,1,0,0
"930",1163,-75,498.83952886274,0,2,0,0
"931",1164,-62.5,498.83952886274,0,1,0,0
"932",1167,-25,498.83952886274,0,2,0,0
"933",1168,-12.5,498.83952886274,-1.5,2,-1.5,-3
"934",1169,0,498.83952886274,-0.6,5,-0.6,-1.2
"935",1170,12.5,498.83952886274,0,2,0,0
"936",1173,50,498.83952886274,0,1,0,0
"937",1175,75,498.83952886274,0,1,0,0
"938",1176,87.5,498.83952886274,0,2,0,0
"939",1179,125,498.83952886274,0,2,0,0
"940",1180,137.5,498.83952886274,0,1,0,0
"941",1181,150,498.83952886274,0,2,0,0
"942",1182,162.5,498.83952886274,0,1,0,0
"943",1184,187.5,498.83952886274,0,1,0,0
"944",1185,200,498.83952886274,0,1,0,0
"945",1186,212.5,498.83952886274,0,1,0,0
"946",1194,-193.75,518.476654893552,0,1,0,0
"947",1195,-181.25,518.476654893552,0,1,0,0
"948",1197,-156.25,518.476654893552,0,2,0,0
"949",1198,-143.75,518.476654893552,0,1,0,0
"950",1199,-131.25,518.476654893552,-3,1,-3,-6
"951",1201,-106.25,518.476654893552,0,2,0,0
"952",1204,-68.75,518.476654893552,0,1,0,0
"953",1205,-56.25,518.476654893552,0,2,0,0
"954",1208,-18.75,518.476654893552,0,2,0,0
"955",1209,-6.25,518.476654893552,0,2,0,0
"956",1211,18.75,518.476654893552,0,3,0,0
"957",1214,56.25,518.476654893552,0,1,0,0
"958",1215,68.75,518.476654893552,0,1,0,0
"959",1216,81.25,518.476654893552,0,1,0,0
"960",1217,93.75,518.476654893552,0,1,0,0
"961",1218,106.25,518.476654893552,0,1,0,0
"962",1221,143.75,518.476654893552,0,2,0,0
"963",1222,156.25,518.476654893552,0,1,0,0
"964",1223,168.75,518.476654893552,0,1,0,0
"965",1224,181.25,518.476654893552,0,1,0,0
"966",1225,193.75,518.476654893552,0,2,0,0
"967",1226,206.25,518.476654893552,0,1,0,0
"968",1234,-212.5,538.113780924364,0,1,0,0
"969",1235,-200,538.113780924364,0,1,0,0
"970",1237,-175,538.113780924364,0,1,0,0
"971",1238,-162.5,538.113780924364,0,1,0,0
"972",1239,-150,538.113780924364,0,1,0,0
"973",1244,-87.5,538.113780924364,0,3,0,0
"974",1250,-12.5,538.113780924364,0,2,0,0
"975",1251,0,538.113780924364,0,4,0,0
"976",1252,12.5,538.113780924364,0,1,0,0
"977",1253,25,538.113780924364,0,2,0,0
"978",1258,87.5,538.113780924364,0,2,0,0
"979",1259,100,538.113780924364,0,1,0,0
"980",1260,112.5,538.113780924364,0,2,0,0
"981",1262,137.5,538.113780924364,0,1,0,0
"982",1263,150,538.113780924364,-1,3,-1,-2
"983",1264,162.5,538.113780924364,0,3,0,0
"984",1265,175,538.113780924364,0,1,0,0
"985",1274,-218.75,557.750906955177,0,1,0,0
"986",1277,-181.25,557.750906955177,0,1,0,0
"987",1278,-168.75,557.750906955177,0,1,0,0
"988",1285,-81.25,557.750906955177,0,1,0,0
"989",1288,-43.75,557.750906955177,0,1,0,0
"990",1291,-6.25,557.750906955177,0,1,0,0
"991",1292,6.25,557.750906955177,0,2,0,0
"992",1293,18.75,557.750906955177,0,1,0,0
"993",1294,31.25,557.750906955177,0,2,0,0
"994",1295,43.75,557.750906955177,0,2,0,0
"995",1296,56.25,557.750906955177,0,1,0,0
"996",1297,68.75,557.750906955177,0,1,0,0
"997",1298,81.25,557.750906955177,0,1,0,0
"998",1303,143.75,557.750906955177,0,1,0,0
"999",1305,168.75,557.750906955177,0,1,0,0
"1000",1306,181.25,557.750906955177,0,2,0,0
"1001",1319,-175,577.388032985989,0,1,0,0
"1002",1320,-162.5,577.388032985989,0,1,0,0
"1003",1325,-100,577.388032985989,0,1,0,0
"1004",1328,-62.5,577.388032985989,0,1,0,0
"1005",1330,-37.5,577.388032985989,0,1,0,0
"1006",1331,-25,577.388032985989,0,2,0,0
"1007",1332,-12.5,577.388032985989,0,3,0,0
"1008",1333,0,577.388032985989,0,4,0,0
"1009",1334,12.5,577.388032985989,0,4,0,0
"1010",1338,62.5,577.388032985989,0,1,0,0
"1011",1340,87.5,577.388032985989,0,1,0,0
"1012",1341,100,577.388032985989,0,2,0,0
"1013",1342,112.5,577.388032985989,0,2,0,0
"1014",1345,150,577.388032985989,0,4,0,0
"1015",1346,162.5,577.388032985989,0,1,0,0
"1016",1348,187.5,577.388032985989,0,2,0,0
"1017",1349,200,577.388032985989,0,2,0,0
"1018",1359,-181.25,597.025159016801,0,1,0,0
"1019",1361,-156.25,597.025159016801,0,1,0,0
"1020",1362,-143.75,597.025159016801,0,3,0,0
"1021",1363,-131.25,597.025159016801,0,1,0,0
"1022",1367,-81.25,597.025159016801,0,1,0,0
"1023",1369,-56.25,597.025159016801,0,1,0,0
"1024",1374,6.25,597.025159016801,0,3,0,0
"1025",1377,43.75,597.025159016801,0,1,0,0
"1026",1379,68.75,597.025159016801,0,1,0,0
"1027",1380,81.25,597.025159016801,0,1,0,0
"1028",1382,106.25,597.025159016801,0,1,0,0
"1029",1383,118.75,597.025159016801,0,1,0,0
"1030",1384,131.25,597.025159016801,0,2,0,0
"1031",1385,143.75,597.025159016801,0,1,0,0
"1032",1386,156.25,597.025159016801,0,1,0,0
"1033",1387,168.75,597.025159016801,0,1,0,0
"1034",1390,206.25,597.025159016801,0,1,0,0
"1035",1402,-162.5,616.662285047613,0,1,0,0
"1036",1403,-150,616.662285047613,0,2,0,0
"1037",1404,-137.5,616.662285047613,0,1,0,0
"1038",1405,-125,616.662285047613,0,1,0,0
"1039",1412,-37.5,616.662285047613,0,4,0,0
"1040",1415,0,616.662285047613,0,1,0,0
"1041",1416,12.5,616.662285047613,0,2,0,0
"1042",1423,100,616.662285047613,0,1,0,0
"1043",1426,137.5,616.662285047613,0,1,0,0
"1044",1427,150,616.662285047613,0,2,0,0
"1045",1429,175,616.662285047613,0,1,0,0
"1046",1430,187.5,616.662285047613,0,3,0,0
"1047",1431,200,616.662285047613,0,1,0,0
"1048",1438,-218.75,636.299411078425,0,1,0,0
"1049",1440,-193.75,636.299411078425,0,1,0,0
"1050",1451,-56.25,636.299411078425,0,1,0,0
"1051",1454,-18.75,636.299411078425,0,1,0,0
"1052",1458,31.25,636.299411078425,0,1,0,0
"1053",1461,68.75,636.299411078425,0,1,0,0
"1054",1465,118.75,636.299411078425,0,1,0,0
"1055",1467,143.75,636.299411078425,0,1,0,0
"1056",1469,168.75,636.299411078425,0,1,0,0
"1057",1472,206.25,636.299411078425,-1.5,2,-1.5,-3
"1058",1481,-200,655.936537109237,0,1,0,0
"1059",1486,-137.5,655.936537109237,0,1,0,0
"1060",1496,-12.5,655.936537109237,0,1,0,0
"1061",1497,0,655.936537109237,-1.5,2,-1.5,-3
"1062",1498,12.5,655.936537109237,0,2,0,0
"1063",1508,137.5,655.936537109237,0,1,0,0
"1064",1512,187.5,655.936537109237,0,1,0,0
"1065",1520,-218.75,675.573663140049,0,1,0,0
"1066",1522,-193.75,675.573663140049,0,1,0,0
"1067",1525,-156.25,675.573663140049,0,1,0,0
"1068",1527,-131.25,675.573663140049,0,2,0,0
"1069",1528,-118.75,675.573663140049,0,1,0,0
"1070",1529,-106.25,675.573663140049,0,1,0,0
"1071",1532,-68.75,675.573663140049,0,1,0,0
"1072",1534,-43.75,675.573663140049,0,2,0,0
"1073",1536,-18.75,675.573663140049,0,1,0,0
"1074",1537,-6.25,675.573663140049,0,3,0,0
"1075",1538,6.25,675.573663140049,0,1,0,0
"1076",1541,43.75,675.573663140049,0,2,0,0
"1077",1543,68.75,675.573663140049,0,2,0,0
"1078",1553,193.75,675.573663140049,-3,1,-3,-6
"1079",1554,206.25,675.573663140049,0,1,0,0
"1080",1566,-162.5,695.210789170862,0,1,0,0
"1081",1573,-75,695.210789170862,0,1,0,0
"1082",1574,-62.5,695.210789170862,0,1,0,0
"1083",1575,-50,695.210789170862,0,1,0,0
"1084",1579,0,695.210789170862,0,3,0,0
"1085",1580,12.5,695.210789170862,0,2,0,0
"1086",1586,87.5,695.210789170862,0,1,0,0
"1087",1587,100,695.210789170862,0,1,0,0
"1088",1590,137.5,695.210789170862,0,2,0,0
"1089",1591,150,695.210789170862,0,1,0,0
"1090",1604,-193.75,714.847915201674,0,1,0,0
"1091",1609,-131.25,714.847915201674,0,1,0,0
"1092",1612,-93.75,714.847915201674,0,1,0,0
"1093",1617,-31.25,714.847915201674,0,1,0,0
"1094",1620,6.25,714.847915201674,0,2,0,0
"1095",1621,18.75,714.847915201674,0,2,0,0
"1096",1623,43.75,714.847915201674,0,1,0,0
"1097",1633,168.75,714.847915201674,0,1,0,0
"1098",1634,181.25,714.847915201674,0,1,0,0
"1099",1658,-37.5,734.485041232486,0,1,0,0
"1100",1662,12.5,734.485041232486,0,1,0,0
"1101",1663,25,734.485041232486,0,1,0,0
"1102",1664,37.5,734.485041232486,0,1,0,0
"1103",1687,-181.25,754.122167263298,0,1,0,0
"1104",1689,-156.25,754.122167263298,0,1,0,0
"1105",1690,-143.75,754.122167263298,0,2,0,0
"1106",1691,-131.25,754.122167263298,0,2,0,0
"1107",1697,-56.25,754.122167263298,0,1,0,0
"1108",1700,-18.75,754.122167263298,0,1,0,0
"1109",1702,6.25,754.122167263298,0,2,0,0
"1110",1707,68.75,754.122167263298,0,2,0,0
"1111",1711,118.75,754.122167263298,0,1,0,0
"1112",1714,156.25,754.122167263298,0,1,0,0
"1113",1716,181.25,754.122167263298,0,1,0,0
"1114",1732,-137.5,773.75929329411,0,2,0,0
"1115",1733,-125,773.75929329411,0,1,0,0
"1116",1754,137.5,773.75929329411,0,1,0,0
"1117",1767,-206.25,793.396419324922,0,1,0,0
"1118",1783,-6.25,793.396419324922,0,1,0,0
"1119",1784,6.25,793.396419324922,0,1,0,0
"1120",1824,-12.5,813.033545355735,0,1,0,0
"1121",1826,12.5,813.033545355735,0,1,0,0
"1122",1829,50,813.033545355735,0,1,0,0
"1123",1833,100,813.033545355735,0,1,0,0
"1124",1840,187.5,813.033545355735,0,1,0,0
"1125",1866,6.25,832.670671386547,-3,1,-3,-6
"1126",1897,-125,852.307797417359,0,1,0,0
"1127",1914,87.5,852.307797417359,0,1,0,0
"1128",1918,137.5,852.307797417359,0,1,0,0
"1129",1922,187.5,852.307797417359,0,1,0,0
