"","Date","Away","Score","Home","Score.1","Result","Home.Spread","ATS","Total","OU","X","Diff","Year","defAPPS","offAPPS"
"1",2016-04-28,"ATL",104,"BOS",92,"L",3,"L",199,"U",NA,12,2016,-0.108108233353609,-0.0412604308065078
"2",2016-04-24,"ATL",95,"BOS",104,"W",1,"W",203,"U",NA,-9,2016,-0.108108233353609,-0.0412604308065078
"3",2016-04-22,"ATL",103,"BOS",111,"W",-3,"W",203.5,"O",NA,-8,2016,-0.108108233353609,-0.0412604308065078
"4",2015-04-26,"CLE",101,"BOS",93,"L",9,"W",204.5,"U",NA,8,2015,-0.0310197918180528,-0.00688642210923463
"5",2015-04-23,"CLE",103,"BOS",95,"L",8.5,"W",208.5,"U",NA,8,2015,-0.0310197918180528,-0.00688642210923463
"6",2013-05-03,"NY",88,"BOS",80,"L",2.5,"L",180.5,"U",NA,8,2013,0.00496426755603731,-0.0553368608577256
"7",2013-04-28,"NY",90,"BOS",97,"W",1.5,"W",181.5,"O",NA,-7,2013,0.00496426755603731,-0.0553368608577256
"8",2013-04-26,"NY",90,"BOS",76,"L",-2.5,"L",184,"U",NA,14,2013,0.00496426755603731,-0.0553368608577256
"9",2012-06-07,"MIA",98,"BOS",79,"L",2,"L",180,"U",NA,19,2012,-0.0215074409529244,-0.0638990923829668
"10",2012-06-03,"MIA",91,"BOS",93,"W",2,"W",179.5,"O",NA,-2,2012,-0.0215074409529244,-0.0638990923829668
"11",2012-06-01,"MIA",91,"BOS",101,"W",-2.5,"W",178.5,"O",NA,-10,2012,-0.0215074409529244,-0.0638990923829668
"12",2012-05-26,"PHI",75,"BOS",85,"W",-6,"W",170.5,"U",NA,-10,2012,-0.0178925014646913,-0.0615373350655968
"13",2012-05-21,"PHI",85,"BOS",101,"W",-5,"W",173,"O",NA,-16,2012,-0.0178925014646913,-0.0615373350655968
"14",2012-05-14,"PHI",82,"BOS",81,"L",-4.5,"L",174.5,"U",NA,1,2012,-0.0178925014646913,-0.0615373350655968
"15",2012-05-12,"PHI",91,"BOS",92,"W",-5.5,"L",171.5,"O",NA,-1,2012,-0.0178925014646913,-0.0615373350655968
"16",2012-05-10,"ATL",80,"BOS",83,"W",-6.5,"L",173.5,"U",NA,-3,2012,-0.019748139871472,-0.0789948821770631
"17",2012-05-06,"ATL",79,"BOS",101,"W",-6,"W",172,"O",NA,-22,2012,-0.019748139871472,-0.0789948821770631
"18",2012-05-04,"ATL",84,"BOS",90,"W",-8,"L",173.5,"O",NA,-6,2012,-0.019748139871472,-0.0789948821770631
"19",2015-05-01,"ATL",111,"BKN",87,"L",5,"L",198.5,"U",NA,24,2015,-0.0176550267200705,0.0297008585274967
"20",2015-04-27,"ATL",115,"BKN",120,"W",5.5,"W",198,"O",NA,-5,2015,-0.0176550267200705,0.0297008585274967
"21",2015-04-25,"ATL",83,"BKN",91,"W",3.5,"W",199,"U",NA,-8,2015,-0.0176550267200705,0.0297008585274967
"22",2014-05-12,"MIA",102,"BKN",96,"L",2,"L",186,"O",NA,6,2014,0.0104700854110756,0.0586120440548103
"23",2014-05-10,"MIA",90,"BKN",104,"W",1,"W",188,"O",NA,-14,2014,0.0104700854110756,0.0586120440548103
"24",2014-05-02,"TOR",83,"BKN",97,"W",-4.5,"W",192.5,"U",NA,-14,2014,0.0164852528012393,0.0243076656072563
"25",2014-04-27,"TOR",87,"BKN",79,"L",-4,"L",193,"U",NA,8,2014,0.0164852528012393,0.0243076656072563
"26",2014-04-25,"TOR",98,"BKN",102,"W",-4.5,"L",191,"O",NA,-4,2014,0.0164852528012393,0.0243076656072563
"27",2013-05-04,"CHI",99,"BKN",93,"L",-7,"L",182.5,"O",NA,6,2013,-0.0160183205536274,-0.0137705426410275
"28",2013-04-29,"CHI",91,"BKN",110,"W",-6.5,"W",180.5,"O",NA,-19,2013,-0.0160183205536274,-0.0137705426410275
"29",2013-04-22,"CHI",90,"BKN",82,"L",-5.5,"L",183,"U",NA,8,2013,-0.0160183205536274,-0.0137705426410275
"30",2013-04-20,"CHI",89,"BKN",106,"W",-4.5,"W",181.5,"O",NA,-17,2013,-0.0160183205536274,-0.0137705426410275
"31",2013-05-16,"IND",75,"NY",85,"W",-5,"W",181.5,"U",NA,-10,2013,-0.0603567464940677,-0.0147274642633209
"32",2013-05-07,"IND",79,"NY",105,"W",-6,"W",183.5,"O",NA,-26,2013,-0.0603567464940677,-0.0147274642633209
"33",2013-05-05,"IND",102,"NY",95,"L",-5.5,"L",181.5,"O",NA,7,2013,-0.0603567464940677,-0.0147274642633209
"34",2013-05-01,"BOS",92,"NY",86,"L",-9.5,"L",182.5,"U",NA,6,2013,-0.0553368608577256,0.00496426755603731
"35",2013-04-23,"BOS",71,"NY",87,"W",-6.5,"W",186.5,"U",NA,-16,2013,-0.0553368608577256,0.00496426755603731
"36",2013-04-20,"BOS",78,"NY",85,"W",-7.5,"L",189,"U",NA,-7,2013,-0.0553368608577256,0.00496426755603731
"37",2012-05-06,"MIA",87,"NY",89,"W",7.5,"W",184.5,"U",NA,-2,2012,-0.0706628641188998,0.00709327105353261
"38",2012-05-03,"MIA",87,"NY",70,"L",5.5,"L",186.5,"U",NA,17,2012,-0.0706628641188998,0.00709327105353261
"39",2012-05-23,"BOS",75,"PHI",82,"W",-1,"W",175,"U",NA,-7,2012,-0.0615373350655968,-0.0178925014646913
"40",2012-05-18,"BOS",83,"PHI",92,"W",-2,"W",174,"O",NA,-9,2012,-0.0615373350655968,-0.0178925014646913
"41",2012-05-16,"BOS",107,"PHI",91,"L",-2,"L",171.5,"O",NA,16,2012,-0.0615373350655968,-0.0178925014646913
"42",2012-05-10,"CHI",78,"PHI",79,"W",-3.5,"L",170,"U",NA,-1,2012,-0.0415847434564061,-0.00807716635747291
"43",2012-05-06,"CHI",82,"PHI",89,"W",-3,"W",172,"U",NA,-7,2012,-0.0415847434564061,-0.00807716635747291
"44",2012-05-04,"CHI",74,"PHI",79,"W",1,"W",176.5,"U",NA,-5,2012,-0.0415847434564061,-0.00807716635747291
"45",2016-05-27,"CLE",113,"TOR",87,"L",6.5,"L",198.5,"O",NA,26,2016,-0.00475828876063107,0.00280160064912363
"46",2016-05-23,"CLE",99,"TOR",105,"W",6,"W",197,"O",NA,-6,2016,-0.00475828876063107,0.00280160064912363
"47",2016-05-21,"CLE",84,"TOR",99,"W",6,"W",199.5,"U",NA,-15,2016,-0.00475828876063107,0.00280160064912363
"48",2016-05-15,"MIA",89,"TOR",116,"W",-4.5,"W",188,"O",NA,-27,2016,-0.00784921578777297,-0.00828659367572862
"49",2016-05-11,"MIA",91,"TOR",99,"W",-4.5,"W",189,"O",NA,-8,2016,-0.00784921578777297,-0.00828659367572862
"50",2016-05-05,"MIA",92,"TOR",96,"W",-5,"L",190,"U",NA,-4,2016,-0.00784921578777297,-0.00828659367572862
"51",2016-05-03,"MIA",102,"TOR",96,"L",-3.5,"L",191.5,"O",NA,6,2016,-0.00784921578777297,-0.00828659367572862
"52",2016-05-01,"IND",84,"TOR",89,"W",-6,"L",189.5,"U",NA,-5,2016,-0.00925686791530262,-0.00988286094461495
"53",2016-04-26,"IND",99,"TOR",102,"W",-7.5,"L",194,"O",NA,-3,2016,-0.00925686791530262,-0.00988286094461495
"54",2016-04-18,"IND",87,"TOR",98,"W",-8,"W",195,"U",NA,-11,2016,-0.00925686791530262,-0.00988286094461495
"55",2016-04-16,"IND",100,"TOR",90,"L",-7,"L",194.5,"U",NA,10,2016,-0.00925686791530262,-0.00988286094461495
"56",2015-04-21,"WAS",117,"TOR",106,"L",-5,"L",193.5,"O",NA,11,2015,0.0208823886608864,0.0344032800726607
"57",2015-04-18,"WAS",93,"TOR",86,"L",-4,"L",196,"U",NA,7,2015,0.0208823886608864,0.0344032800726607
"58",2014-05-04,"BKN",104,"TOR",103,"L",-3,"L",189,"O",NA,1,2014,0.0243076656072563,0.0164852528012393
"59",2014-04-30,"BKN",113,"TOR",115,"W",-3,"L",189,"O",NA,-2,2014,0.0243076656072563,0.0164852528012393
"60",2014-04-22,"BKN",95,"TOR",100,"W",-5,"P",190.5,"O",NA,-5,2014,0.0243076656072563,0.0164852528012393
"61",2014-04-19,"BKN",94,"TOR",87,"L",-3,"L",192.5,"U",NA,7,2014,0.0243076656072563,0.0164852528012393
"62",2015-05-14,"CLE",94,"CHI",73,"L",-2,"L",192,"U",NA,21,2015,-0.0188262708576017,-0.0198789150851427
"63",2015-05-10,"CLE",86,"CHI",84,"L",3,"W",194,"U",NA,2,2015,-0.0188262708576017,-0.0198789150851427
"64",2015-05-08,"CLE",96,"CHI",99,"W",-2.5,"W",194.5,"O",NA,-3,2015,-0.0188262708576017,-0.0198789150851427
"65",2015-04-27,"MIL",94,"CHI",88,"L",-8,"L",189.5,"U",NA,6,2015,-0.0855180008703029,-0.0558512328526656
"66",2015-04-20,"MIL",82,"CHI",91,"W",-8,"W",190.5,"U",NA,-9,2015,-0.0855180008703029,-0.0558512328526656
"67",2015-04-18,"MIL",91,"CHI",103,"W",-8,"W",187.5,"O",NA,-12,2015,-0.0855180008703029,-0.0558512328526656
"68",2014-04-29,"WAS",75,"CHI",69,"L",-4,"L",183.5,"U",NA,6,2014,-0.0344747745971133,-0.0283101292179988
"69",2014-04-22,"WAS",101,"CHI",99,"L",-5,"L",180.5,"O",NA,2,2014,-0.0344747745971133,-0.0283101292179988
"70",2014-04-20,"WAS",102,"CHI",93,"L",-4.5,"L",178.5,"O",NA,9,2014,-0.0344747745971133,-0.0283101292179988
"71",2013-05-13,"MIA",88,"CHI",65,"L",8,"L",185,"U",NA,23,2013,-0.0812852441690767,0.0579601793067722
"72",2013-05-10,"MIA",104,"CHI",94,"L",8.5,"L",186,"O",NA,10,2013,-0.0812852441690767,0.0579601793067722
"73",2013-05-02,"BKN",95,"CHI",92,"L",-1,"L",184,"O",NA,3,2013,-0.0137705426410275,-0.0160183205536274
"74",2013-04-27,"BKN",134,"CHI",142,"W",-2,"W",176.5,"O",NA,-8,2013,-0.0137705426410275,-0.0160183205536274
"75",2013-04-25,"BKN",76,"CHI",79,"W",-3.5,"L",182,"U",NA,-3,2013,-0.0137705426410275,-0.0160183205536274
"76",2012-05-08,"PHI",69,"CHI",77,"W",-5,"W",172,"U",NA,-8,2012,-0.00807716635747291,-0.0415847434564061
"77",2012-05-01,"PHI",109,"CHI",92,"L",-6.5,"L",176,"O",NA,17,2012,-0.00807716635747291,-0.0415847434564061
"78",2012-04-28,"PHI",91,"CHI",103,"W",-8.5,"W",175,"O",NA,-12,2012,-0.00807716635747291,-0.0415847434564061
"79",2016-04-29,"TOR",83,"IND",101,"W",-2,"W",192.5,"U",NA,-18,2016,-0.00988286094461495,-0.00925686791530262
"80",2016-04-23,"TOR",83,"IND",100,"W",1,"W",193,"U",NA,-17,2016,-0.00988286094461495,-0.00925686791530262
"81",2016-04-21,"TOR",101,"IND",85,"L",0,"L",194.5,"U",NA,16,2016,-0.00988286094461495,-0.00925686791530262
"82",2014-05-28,"MIA",90,"IND",93,"W",-1,"W",183,"P",NA,-3,2014,-0.0169041425613063,-0.0107629042641585
"83",2014-05-20,"MIA",87,"IND",83,"L",2.5,"L",184.5,"U",NA,4,2014,-0.0169041425613063,-0.0107629042641585
"84",2014-05-18,"MIA",96,"IND",107,"W",2,"W",182,"O",NA,-11,2014,-0.0169041425613063,-0.0107629042641585
"85",2014-05-13,"WAS",102,"IND",79,"L",-5.5,"L",181.5,"U",NA,23,2014,0.00552188395247735,-0.0438393487804867
"86",2014-05-07,"WAS",82,"IND",86,"W",-5,"L",187,"U",NA,-4,2014,0.00552188395247735,-0.0438393487804867
"87",2014-05-05,"WAS",102,"IND",96,"L",-4,"L",183.5,"O",NA,6,2014,0.00552188395247735,-0.0438393487804867
"88",2014-05-03,"ATL",80,"IND",92,"W",-6.5,"W",184.5,"U",NA,-12,2014,0.000261956281733994,-0.0579342575255419
"89",2014-04-28,"ATL",107,"IND",97,"L",-7,"L",186.5,"O",NA,10,2014,0.000261956281733994,-0.0579342575255419
"90",2014-04-22,"ATL",85,"IND",101,"W",-7.5,"W",186.5,"U",NA,-16,2014,0.000261956281733994,-0.0579342575255419
"91",2014-04-19,"ATL",101,"IND",93,"L",-8,"L",185.5,"O",NA,8,2014,0.000261956281733994,-0.0579342575255419
"92",2013-06-01,"MIA",77,"IND",91,"W",3,"W",183.5,"U",NA,-14,2013,-0.0597823260441086,0.0194441218343116
"93",2013-05-28,"MIA",92,"IND",99,"W",3,"W",185,"O",NA,-7,2013,-0.0597823260441086,0.0194441218343116
"94",2013-05-26,"MIA",114,"IND",96,"L",2,"L",182,"O",NA,18,2013,-0.0597823260441086,0.0194441218343116
"95",2013-05-18,"NY",99,"IND",106,"W",-5.5,"W",179.5,"O",NA,-7,2013,-0.0147274642633209,-0.0603567464940677
"96",2013-05-14,"NY",82,"IND",93,"W",-5,"W",180,"U",NA,-11,2013,-0.0147274642633209,-0.0603567464940677
"97",2013-05-11,"NY",71,"IND",82,"W",-5,"W",183,"U",NA,-11,2013,-0.0147274642633209,-0.0603567464940677
"98",2013-05-01,"ATL",83,"IND",106,"W",-7,"W",188,"O",NA,-23,2013,-0.0386454257961328,-0.0468624355073794
"99",2013-04-24,"ATL",98,"IND",113,"W",-7,"W",187,"O",NA,-15,2013,-0.0386454257961328,-0.0468624355073794
"100",2013-04-21,"ATL",90,"IND",107,"W",-7,"W",185.5,"O",NA,-17,2013,-0.0386454257961328,-0.0468624355073794
"101",2012-05-24,"MIA",105,"IND",93,"L",2.5,"L",180.5,"O",NA,12,2012,-0.0563962102074411,-0.00589863055354
"102",2012-05-20,"MIA",101,"IND",93,"L",1.5,"L",179.5,"O",NA,8,2012,-0.0563962102074411,-0.00589863055354
"103",2012-05-17,"MIA",75,"IND",94,"W",2,"W",180.5,"U",NA,-19,2012,-0.0563962102074411,-0.00589863055354
"104",2012-05-08,"ORL",87,"IND",105,"W",-10,"W",179.5,"O",NA,-18,2012,-0.00794906713757215,-0.0293065626785879
"105",2012-04-30,"ORL",78,"IND",93,"W",-9.5,"W",187,"U",NA,-15,2012,-0.00794906713757215,-0.0293065626785879
"106",2012-04-28,"ORL",81,"IND",77,"L",-9.5,"L",192.5,"U",NA,4,2012,-0.00794906713757215,-0.0293065626785879
"107",2016-06-16,"GS",101,"CLE",115,"W",-2,"W",207.5,"O",NA,-14,2016,-0.0171574586156402,0.0424714496099981
"108",2016-06-10,"GS",108,"CLE",97,"L",-2.5,"L",206.5,"U",NA,11,2016,-0.0171574586156402,0.0424714496099981
"109",2016-06-08,"GS",90,"CLE",120,"W",-1.5,"W",206,"O",NA,-30,2016,-0.0171574586156402,0.0424714496099981
"110",2016-05-25,"TOR",78,"CLE",116,"W",-11,"W",196,"U",NA,-38,2016,0.00280160064912363,-0.00475828876063107
"111",2016-05-19,"TOR",89,"CLE",108,"W",-11.5,"W",197.5,"U",NA,-19,2016,0.00280160064912363,-0.00475828876063107
"112",2016-05-17,"TOR",84,"CLE",115,"W",-11,"W",199,"P",NA,-31,2016,0.00280160064912363,-0.00475828876063107
"113",2016-05-04,"ATL",98,"CLE",123,"W",-7,"W",196,"O",NA,-25,2016,-0.0425020245863756,-0.0372055622369852
"114",2016-05-02,"ATL",93,"CLE",104,"W",-7.5,"W",199.5,"U",NA,-11,2016,-0.0425020245863756,-0.0372055622369852
"115",2016-04-20,"DET",90,"CLE",107,"W",-11,"W",202,"U",NA,-17,2016,0.00152700984972883,-0.083018899074328
"116",2016-04-17,"DET",101,"CLE",106,"W",-11,"L",200.5,"O",NA,-5,2016,0.00152700984972883,-0.083018899074328
"117",2015-06-16,"GS",105,"CLE",97,"L",3,"L",193.5,"O",NA,8,2015,-0.0197503907225393,0.0658837480894685
"118",2015-06-11,"GS",103,"CLE",82,"L",4,"L",195,"U",NA,21,2015,-0.0197503907225393,0.0658837480894685
"119",2015-06-09,"GS",91,"CLE",96,"W",2,"W",194.5,"U",NA,-5,2015,-0.0197503907225393,0.0658837480894685
"120",2015-05-26,"ATL",88,"CLE",118,"W",-7,"W",195.5,"O",NA,-30,2015,-0.018248678393041,0.0207930220002559
"121",2015-05-24,"ATL",111,"CLE",114,"W",-8,"L",190,"O",NA,-3,2015,-0.018248678393041,0.0207930220002559
"122",2015-05-12,"CHI",101,"CLE",106,"W",-5.5,"L",191,"O",NA,-5,2015,-0.0198789150851427,-0.0188262708576017
"123",2015-05-06,"CHI",91,"CLE",106,"W",-5.5,"W",194.5,"O",NA,-15,2015,-0.0198789150851427,-0.0188262708576017
"124",2015-05-04,"CHI",99,"CLE",92,"L",-4.5,"L",195,"U",NA,7,2015,-0.0198789150851427,-0.0188262708576017
"125",2015-04-21,"BOS",91,"CLE",99,"W",-11,"L",204.5,"U",NA,-8,2015,-0.00688642210923463,-0.0310197918180528
"126",2015-04-19,"BOS",100,"CLE",113,"W",-12,"W",201,"O",NA,-13,2015,-0.00688642210923463,-0.0310197918180528
"127",2016-04-24,"CLE",100,"DET",98,"L",6.5,"W",198,"P",NA,2,2016,-0.083018899074328,0.00152700984972883
"128",2016-04-22,"CLE",101,"DET",91,"L",4.5,"L",200.5,"U",NA,10,2016,-0.083018899074328,0.00152700984972883
"129",2015-04-30,"CHI",120,"MIL",66,"L",3.5,"L",189,"U",NA,54,2015,-0.0558512328526656,-0.0855180008703029
"130",2015-04-25,"CHI",90,"MIL",92,"W",6,"W",192,"U",NA,-2,2015,-0.0558512328526656,-0.0855180008703029
"131",2015-04-23,"CHI",113,"MIL",106,"L",8.5,"W",182,"O",NA,7,2015,-0.0558512328526656,-0.0855180008703029
"132",2013-04-28,"MIA",88,"MIL",77,"L",8.5,"L",195,"U",NA,11,2013,-0.117447547383919,0.0280470899709088
"133",2013-04-25,"MIA",104,"MIL",91,"L",7,"L",195,"P",NA,13,2013,-0.117447547383919,0.0280470899709088
"134",2016-05-08,"CLE",100,"ATL",99,"L",5,"W",203,"U",NA,1,2016,-0.0372055622369852,-0.0425020245863756
"135",2016-05-06,"CLE",121,"ATL",108,"L",2.5,"L",196.5,"O",NA,13,2016,-0.0372055622369852,-0.0425020245863756
"136",2016-04-26,"BOS",83,"ATL",110,"W",-7.5,"W",198,"U",NA,-27,2016,-0.0412604308065078,-0.108108233353609
"137",2016-04-19,"BOS",72,"ATL",89,"W",-6.5,"W",205.5,"U",NA,-17,2016,-0.0412604308065078,-0.108108233353609
"138",2016-04-16,"BOS",101,"ATL",102,"W",-5.5,"L",206,"U",NA,-1,2016,-0.0412604308065078,-0.108108233353609
"139",2015-05-22,"CLE",94,"ATL",82,"L",-3.5,"L",193,"U",NA,12,2015,0.0207930220002559,-0.018248678393041
"140",2015-05-20,"CLE",97,"ATL",89,"L",-2,"L",199.5,"U",NA,8,2015,0.0207930220002559,-0.018248678393041
"141",2015-05-13,"WAS",81,"ATL",82,"W",-7,"L",201,"U",NA,-1,2015,0.0152241969081676,-0.00402977565932794
"142",2015-05-05,"WAS",90,"ATL",106,"W",-9.5,"W",199,"U",NA,-16,2015,0.0152241969081676,-0.00402977565932794
"143",2015-05-03,"WAS",104,"ATL",98,"L",-5.5,"L",197.5,"O",NA,6,2015,0.0152241969081676,-0.00402977565932794
"144",2015-04-29,"BKN",97,"ATL",107,"W",-9,"W",200,"O",NA,-10,2015,0.0297008585274967,-0.0176550267200705
"145",2015-04-22,"BKN",91,"ATL",96,"W",-9.5,"L",203.5,"U",NA,-5,2015,0.0297008585274967,-0.0176550267200705
"146",2015-04-19,"BKN",92,"ATL",99,"W",-11.5,"L",205,"U",NA,-7,2015,0.0297008585274967,-0.0176550267200705
"147",2014-05-01,"IND",95,"ATL",88,"L",-2,"L",188,"U",NA,7,2014,-0.0579342575255419,0.000261956281733994
"148",2014-04-26,"IND",91,"ATL",88,"L",2.5,"L",188,"U",NA,3,2014,-0.0579342575255419,0.000261956281733994
"149",2014-04-24,"IND",85,"ATL",98,"W",2,"W",187,"U",NA,-13,2014,-0.0579342575255419,0.000261956281733994
"150",2013-05-03,"IND",81,"ATL",73,"L",-1,"L",186.5,"U",NA,8,2013,-0.0468624355073794,-0.0386454257961328
"151",2013-04-29,"IND",91,"ATL",102,"W",-1.5,"W",187,"O",NA,-11,2013,-0.0468624355073794,-0.0386454257961328
"152",2013-04-27,"IND",69,"ATL",90,"W",-1.5,"W",188,"U",NA,-21,2013,-0.0468624355073794,-0.0386454257961328
"153",2012-05-08,"BOS",86,"ATL",87,"W",-2,"L",175.5,"U",NA,-1,2012,-0.0789948821770631,-0.019748139871472
"154",2012-05-01,"BOS",87,"ATL",80,"L",-4.5,"L",172.5,"U",NA,7,2012,-0.0789948821770631,-0.019748139871472
"155",2012-04-29,"BOS",74,"ATL",83,"W",-1,"W",179,"U",NA,-9,2012,-0.0789948821770631,-0.019748139871472
"156",2016-04-29,"MIA",97,"CHR",90,"L",-2,"L",192,"U",NA,7,2016,-0.0415652274801051,-0.0222012942576379
"157",2016-04-25,"MIA",85,"CHR",89,"W",-2.5,"W",194.5,"U",NA,-4,2016,-0.0415652274801051,-0.0222012942576379
"158",2016-04-23,"MIA",80,"CHR",96,"W",-3,"W",197.5,"U",NA,-16,2016,-0.0415652274801051,-0.0222012942576379
"159",2014-04-28,"MIA",109,"CHR",98,"L",7.5,"L",187.5,"O",NA,11,2014,-0.060074438769511,0.0218895551392457
"160",2014-04-26,"MIA",98,"CHR",85,"L",4.5,"L",187.5,"U",NA,13,2014,-0.060074438769511,0.0218895551392457
"161",2016-05-13,"TOR",91,"MIA",103,"W",-4,"W",188,"O",NA,-12,2016,-0.00828659367572862,-0.00784921578777297
"162",2016-05-09,"TOR",87,"MIA",94,"W",-4.5,"W",194,"U",NA,-7,2016,-0.00828659367572862,-0.00784921578777297
"163",2016-05-07,"TOR",95,"MIA",91,"L",-5.5,"L",186,"P",NA,4,2016,-0.00828659367572862,-0.00784921578777297
"164",2016-05-01,"CHR",73,"MIA",106,"W",-6,"W",190.5,"U",NA,-33,2016,-0.0222012942576379,-0.0415652274801051
"165",2016-04-27,"CHR",90,"MIA",88,"L",-5.5,"L",194,"U",NA,2,2016,-0.0222012942576379,-0.0415652274801051
"166",2016-04-20,"CHR",103,"MIA",115,"W",-4.5,"W",197.5,"O",NA,-12,2016,-0.0222012942576379,-0.0415652274801051
"167",2016-04-17,"CHR",91,"MIA",123,"W",-4.5,"W",198.5,"O",NA,-32,2016,-0.0222012942576379,-0.0415652274801051
"168",2014-06-12,"SAN",107,"MIA",86,"L",-5,"L",195.5,"U",NA,21,2014,0.037533311580241,0.0592662469513911
"169",2014-06-10,"SAN",111,"MIA",92,"L",-4.5,"L",197,"O",NA,19,2014,0.037533311580241,0.0592662469513911
"170",2014-05-30,"IND",92,"MIA",117,"W",-8.5,"W",182.5,"O",NA,-25,2014,-0.0107629042641585,-0.0169041425613063
"171",2014-05-26,"IND",90,"MIA",102,"W",-6,"W",182.5,"O",NA,-12,2014,-0.0107629042641585,-0.0169041425613063
"172",2014-05-24,"IND",87,"MIA",99,"W",-6,"W",182,"O",NA,-12,2014,-0.0107629042641585,-0.0169041425613063
"173",2014-05-14,"BKN",94,"MIA",96,"W",-7,"L",189,"O",NA,-2,2014,0.0586120440548103,0.0104700854110756
"174",2014-05-08,"BKN",82,"MIA",94,"W",-6.5,"W",191.5,"U",NA,-12,2014,0.0586120440548103,0.0104700854110756
"175",2014-05-06,"BKN",86,"MIA",107,"W",-8,"W",192,"O",NA,-21,2014,0.0586120440548103,0.0104700854110756
"176",2014-04-23,"CHR",97,"MIA",101,"W",-9.5,"L",187.5,"O",NA,-4,2014,0.0218895551392457,-0.060074438769511
"177",2014-04-20,"CHR",88,"MIA",99,"W",-10,"W",186,"O",NA,-11,2014,0.0218895551392457,-0.060074438769511
"178",2013-06-20,"SAN",88,"MIA",95,"W",-5.5,"W",187.5,"U",NA,-7,2013,0.0536480925114472,0.0127486147358038
"179",2013-06-18,"SAN",100,"MIA",103,"W",-6.5,"L",191.5,"O",NA,-3,2013,0.0536480925114472,0.0127486147358038
"180",2013-06-09,"SAN",84,"MIA",103,"W",-6,"W",189.5,"U",NA,-19,2013,0.0536480925114472,0.0127486147358038
"181",2013-06-06,"SAN",92,"MIA",88,"L",-5,"L",190,"U",NA,4,2013,0.0536480925114472,0.0127486147358038
"182",2013-06-03,"IND",76,"MIA",99,"W",-7,"W",180.5,"U",NA,-23,2013,0.0194441218343116,-0.0597823260441086
"183",2013-05-30,"IND",79,"MIA",90,"W",-7.5,"W",185.5,"U",NA,-11,2013,0.0194441218343116,-0.0597823260441086
"184",2013-05-24,"IND",97,"MIA",93,"L",-7.5,"L",182.5,"O",NA,4,2013,0.0194441218343116,-0.0597823260441086
"185",2013-05-22,"IND",102,"MIA",103,"W",-8.5,"L",181.5,"O",NA,-1,2013,0.0194441218343116,-0.0597823260441086
"186",2013-05-15,"CHI",91,"MIA",94,"W",-14,"L",181.5,"O",NA,-3,2013,0.0579601793067722,-0.0812852441690767
"187",2013-05-08,"CHI",78,"MIA",115,"W",-13,"W",186,"O",NA,-37,2013,0.0579601793067722,-0.0812852441690767
"188",2013-05-06,"CHI",93,"MIA",86,"L",-13,"L",188,"U",NA,7,2013,0.0579601793067722,-0.0812852441690767
"189",2013-04-23,"MIL",86,"MIA",98,"W",-14,"L",197,"U",NA,-12,2013,0.0280470899709088,-0.117447547383919
"190",2013-04-21,"MIL",87,"MIA",110,"W",-13.5,"W",197.5,"U",NA,-23,2013,0.0280470899709088,-0.117447547383919
"191",2012-05-05,"IND",101,"ORL",99,"L",5,"W",179.5,"O",NA,2,2012,-0.0293065626785879,-0.00794906713757215
"192",2012-05-02,"IND",97,"ORL",74,"L",3.5,"L",184,"U",NA,23,2012,-0.0293065626785879,-0.00794906713757215
"193",2015-05-15,"ATL",94,"WAS",91,"L",-2.5,"L",197,"U",NA,3,2015,-0.00402977565932794,0.0152241969081676
"194",2015-05-11,"ATL",106,"WAS",101,"L",4.5,"L",198,"O",NA,5,2015,-0.00402977565932794,0.0152241969081676
"195",2015-05-09,"ATL",101,"WAS",103,"W",4,"W",196.5,"O",NA,-2,2015,-0.00402977565932794,0.0152241969081676
"196",2015-04-26,"TOR",94,"WAS",125,"W",-9,"W",200,"O",NA,-31,2015,0.0344032800726607,0.0208823886608864
"197",2015-04-24,"TOR",99,"WAS",106,"W",-6,"W",197,"O",NA,-7,2015,0.0344032800726607,0.0208823886608864
"198",2014-05-15,"IND",93,"WAS",80,"L",-4.5,"L",181,"U",NA,13,2014,-0.0438393487804867,0.00552188395247735
"199",2014-05-11,"IND",95,"WAS",92,"L",-3.5,"L",179.5,"O",NA,3,2014,-0.0438393487804867,0.00552188395247735
"200",2014-05-09,"IND",85,"WAS",63,"L",-5,"L",183.5,"U",NA,22,2014,-0.0438393487804867,0.00552188395247735
"201",2014-04-27,"CHI",89,"WAS",98,"W",-2,"W",183.5,"O",NA,-9,2014,-0.0283101292179988,-0.0344747745971133
"202",2014-04-25,"CHI",100,"WAS",97,"L",-2.5,"L",180.5,"O",NA,3,2014,-0.0283101292179988,-0.0344747745971133
"203",2013-04-30,"GS",100,"DEN",107,"W",-7.5,"L",211,"U",NA,-7,2013,-0.0453041369562715,0.0360910524956311
"204",2013-04-23,"GS",131,"DEN",117,"L",-8.5,"L",208,"O",NA,14,2013,-0.0453041369562715,0.0360910524956311
"205",2013-04-20,"GS",95,"DEN",97,"W",-7.5,"L",211.5,"U",NA,-2,2013,-0.0453041369562715,0.0360910524956311
"206",2012-05-10,"LAL",96,"DEN",113,"W",-2.5,"W",196,"O",NA,-17,2012,-0.0265724956989557,0.0536997960298549
"207",2012-05-06,"LAL",92,"DEN",88,"L",-2,"L",202.5,"U",NA,4,2012,-0.0265724956989557,0.0536997960298549
"208",2012-05-04,"LAL",84,"DEN",99,"W",-3.5,"W",205.5,"U",NA,-15,2012,-0.0265724956989557,0.0536997960298549
"209",2016-05-28,"GS",108,"OKC",101,"L",-3,"L",221.5,"U",NA,7,2016,-0.0226273014827543,0.0166245862071992
"210",2016-05-24,"GS",94,"OKC",118,"W",1.5,"W",222,"U",NA,-24,2016,-0.0226273014827543,0.0166245862071992
"211",2016-05-22,"GS",105,"OKC",133,"W",2.5,"W",219,"O",NA,-28,2016,-0.0226273014827543,0.0166245862071992
"212",2016-05-12,"SAN",99,"OKC",113,"W",0,"W",197.5,"O",NA,-14,2016,-0.0346315792807893,0.0224551082595813
"213",2016-05-08,"SAN",97,"OKC",111,"W",-2,"W",199,"O",NA,-14,2016,-0.0346315792807893,0.0224551082595813
"214",2016-05-06,"SAN",100,"OKC",96,"L",2.5,"L",200,"U",NA,4,2016,-0.0346315792807893,0.0224551082595813
"215",2016-04-25,"DAL",104,"OKC",118,"W",-14.5,"L",204.5,"O",NA,-14,2016,0.0106312970819706,-0.0451598489914621
"216",2016-04-18,"DAL",85,"OKC",84,"L",-14,"L",203,"U",NA,1,2016,0.0106312970819706,-0.0451598489914621
"217",2016-04-16,"DAL",70,"OKC",108,"W",-12,"W",206,"U",NA,-38,2016,0.0106312970819706,-0.0451598489914621
"218",2014-05-31,"SAN",112,"OKC",107,"L",-3.5,"L",206.5,"O",NA,5,2014,0.00416955101963516,0.0281186512161711
"219",2014-05-27,"SAN",92,"OKC",105,"W",-2.5,"W",207.5,"U",NA,-13,2014,0.00416955101963516,0.0281186512161711
"220",2014-05-25,"SAN",97,"OKC",106,"W",-2.5,"W",208,"U",NA,-9,2014,0.00416955101963516,0.0281186512161711
"221",2014-05-13,"LAC",104,"OKC",105,"W",-5.5,"L",214,"U",NA,-1,2014,-0.0131467580578714,-0.0126703240841033
"222",2014-05-07,"LAC",101,"OKC",112,"W",-5,"W",215,"U",NA,-11,2014,-0.0131467580578714,-0.0126703240841033
"223",2014-05-05,"LAC",122,"OKC",105,"L",-5.5,"L",212.5,"O",NA,17,2014,-0.0131467580578714,-0.0126703240841033
"224",2014-05-03,"MEM",109,"OKC",120,"W",-9.5,"W",185,"O",NA,-11,2014,0.00776038909225537,-0.048609757500106
"225",2014-04-29,"MEM",100,"OKC",99,"L",-7,"L",186,"O",NA,1,2014,0.00776038909225537,-0.048609757500106
"226",2014-04-21,"MEM",111,"OKC",105,"L",-7,"L",190.5,"O",NA,6,2014,0.00776038909225537,-0.048609757500106
"227",2014-04-19,"MEM",86,"OKC",100,"W",-7.5,"W",190,"U",NA,-14,2014,0.00776038909225537,-0.048609757500106
"228",2013-05-15,"MEM",88,"OKC",84,"L",-4.5,"L",185,"U",NA,4,2013,-0.00780746378832246,-0.104318008010827
"229",2013-05-07,"MEM",99,"OKC",93,"L",-3,"L",188.5,"O",NA,6,2013,-0.00780746378832246,-0.104318008010827
"230",2013-05-05,"MEM",91,"OKC",93,"W",-3.5,"L",186.5,"U",NA,-2,2013,-0.00780746378832246,-0.104318008010827
"231",2013-05-01,"HOU",107,"OKC",100,"L",-8.5,"L",208,"U",NA,7,2013,0.0649152821557484,-0.0813337753035914
"232",2013-04-24,"HOU",102,"OKC",105,"W",-11,"L",213.5,"U",NA,-3,2013,0.0649152821557484,-0.0813337753035914
"233",2013-04-21,"HOU",91,"OKC",120,"W",-10.5,"W",213.5,"U",NA,-29,2013,0.0649152821557484,-0.0813337753035914
"234",2012-06-14,"MIA",100,"OKC",96,"L",-5.5,"L",196,"P",NA,4,2012,-0.00391535809179598,-0.0423057298410655
"235",2012-06-12,"MIA",94,"OKC",105,"W",-5,"W",195,"O",NA,-11,2012,-0.00391535809179598,-0.0423057298410655
"236",2012-06-06,"SAN",99,"OKC",107,"W",-5,"W",203.5,"O",NA,-8,2012,0.0495731407565771,-0.0013847162970843
"237",2012-06-02,"SAN",103,"OKC",109,"W",-3.5,"W",202,"O",NA,-6,2012,0.0495731407565771,-0.0013847162970843
"238",2012-05-31,"SAN",82,"OKC",102,"W",-4.5,"W",206,"U",NA,-20,2012,0.0495731407565771,-0.0013847162970843
"239",2016-05-09,"GS",132,"POR",125,"L",6,"L",215,"O",NA,7,2016,-0.0389034389376139,0.0726919662603557
"240",2016-05-07,"GS",108,"POR",120,"W",3,"W",212.5,"O",NA,-12,2016,-0.0389034389376139,0.0726919662603557
"241",2016-04-29,"LAC",103,"POR",106,"W",-9.5,"L",199,"O",NA,-3,2016,-0.0357914229599783,0.0594364061686268
"242",2016-04-25,"LAC",84,"POR",98,"W",4,"W",205,"U",NA,-14,2016,-0.0357914229599783,0.0594364061686268
"243",2016-04-23,"LAC",88,"POR",96,"W",1.5,"W",208.5,"U",NA,-8,2016,-0.0357914229599783,0.0594364061686268
"244",2015-04-27,"MEM",92,"POR",99,"W",-4,"W",192.5,"U",NA,-7,2015,0.0148355916520907,-0.0278616834902363
"245",2015-04-25,"MEM",115,"POR",109,"L",-9.5,"L",181.5,"O",NA,6,2015,0.0148355916520907,-0.0278616834902363
"246",2014-05-12,"SAN",92,"POR",103,"W",4.5,"W",211,"U",NA,-11,2014,-0.0248989226617611,0.0603500307982049
"247",2014-05-10,"SAN",118,"POR",103,"L",-1,"L",208,"O",NA,15,2014,-0.0248989226617611,0.0603500307982049
"248",2014-05-02,"HOU",98,"POR",99,"W",-4,"L",212,"U",NA,-1,2014,-0.0239706141142723,-0.0250237833720372
"249",2014-04-27,"HOU",120,"POR",123,"W",-3,"P",214,"O",NA,-3,2014,-0.0239706141142723,-0.0250237833720372
"250",2014-04-25,"HOU",121,"POR",116,"L",-2,"L",214.5,"O",NA,5,2014,-0.0239706141142723,-0.0250237833720372
"251",2012-05-07,"SAN",87,"UTA",81,"L",7.5,"W",199.5,"U",NA,6,2012,0.0121828778561667,0.0804227973603492
"252",2012-05-05,"SAN",102,"UTA",90,"L",5.5,"L",200,"U",NA,12,2012,0.0121828778561667,0.0804227973603492
"253",2016-06-19,"CLE",93,"GS",89,"L",-5,"L",205,"U",NA,4,2016,0.0424714496099981,-0.0171574586156402
"254",2016-06-13,"CLE",112,"GS",97,"L",-5.5,"L",209,"P",NA,15,2016,0.0424714496099981,-0.0171574586156402
"255",2016-06-05,"CLE",77,"GS",110,"W",-6,"W",209,"U",NA,-33,2016,0.0424714496099981,-0.0171574586156402
"256",2016-06-02,"CLE",89,"GS",104,"W",-6,"W",210.5,"U",NA,-15,2016,0.0424714496099981,-0.0171574586156402
"257",2016-05-30,"OKC",88,"GS",96,"W",-7,"W",219,"U",NA,-8,2016,0.0166245862071992,-0.0226273014827543
"258",2016-05-26,"OKC",111,"GS",120,"W",-7,"W",219.5,"O",NA,-9,2016,0.0166245862071992,-0.0226273014827543
"259",2016-05-18,"OKC",91,"GS",118,"W",-9,"W",223,"U",NA,-27,2016,0.0166245862071992,-0.0226273014827543
"260",2016-05-16,"OKC",108,"GS",102,"L",-7.5,"L",225,"U",NA,6,2016,0.0166245862071992,-0.0226273014827543
"261",2016-05-11,"POR",121,"GS",125,"W",-13.5,"L",217.5,"O",NA,-4,2016,0.0726919662603557,-0.0389034389376139
"262",2016-05-03,"POR",99,"GS",110,"W",-9,"W",212,"U",NA,-11,2016,0.0726919662603557,-0.0389034389376139
"263",2016-05-01,"POR",106,"GS",118,"W",-9.5,"W",210.5,"O",NA,-12,2016,0.0726919662603557,-0.0389034389376139
"264",2016-04-27,"HOU",81,"GS",114,"W",-9,"W",212.5,"U",NA,-33,2016,0.0838903034119409,-0.0530272413898118
"265",2016-04-18,"HOU",106,"GS",115,"W",-8.5,"W",211.5,"O",NA,-9,2016,0.0838903034119409,-0.0530272413898118
"266",2016-04-16,"HOU",78,"GS",104,"W",-13,"W",225,"U",NA,-26,2016,0.0838903034119409,-0.0530272413898118
"267",2015-06-14,"CLE",91,"GS",104,"W",-9.5,"W",195,"P",NA,-13,2015,0.0658837480894685,-0.0197503907225393
"268",2015-06-07,"CLE",95,"GS",93,"L",-7.5,"L",199,"U",NA,2,2015,0.0658837480894685,-0.0197503907225393
"269",2015-06-04,"CLE",100,"GS",108,"W",-6,"W",203.5,"O",NA,-8,2015,0.0658837480894685,-0.0197503907225393
"270",2015-05-27,"HOU",90,"GS",104,"W",-9.5,"W",217,"U",NA,-14,2015,0.0398966806275738,-0.0749025523836746
"271",2015-05-21,"HOU",98,"GS",99,"W",-9.5,"L",219,"U",NA,-1,2015,0.0398966806275738,-0.0749025523836746
"272",2015-05-19,"HOU",106,"GS",110,"W",-10.5,"L",219,"U",NA,-4,2015,0.0398966806275738,-0.0749025523836746
"273",2015-05-13,"MEM",78,"GS",98,"W",-10,"W",198,"U",NA,-20,2015,0.0600060005028502,-0.0309471914432464
"274",2015-05-05,"MEM",97,"GS",90,"L",-10,"L",198.5,"U",NA,7,2015,0.0600060005028502,-0.0309471914432464
"275",2015-05-03,"MEM",86,"GS",101,"W",-10.5,"W",196,"U",NA,-15,2015,0.0600060005028502,-0.0309471914432464
"276",2015-04-20,"NOH",87,"GS",97,"W",-13,"L",203.5,"U",NA,-10,2015,0.067853203739636,-0.00581858081736958
"277",2015-04-18,"NOH",99,"GS",106,"W",-12.5,"L",205,"P",NA,-7,2015,0.067853203739636,-0.00581858081736958
"278",2014-05-01,"LAC",99,"GS",100,"W",1,"W",210.5,"U",NA,-1,2014,0.0149065733400204,0.0135701897673866
"279",2014-04-27,"LAC",97,"GS",118,"W",2,"W",209.5,"O",NA,-21,2014,0.0149065733400204,0.0135701897673866
"280",2014-04-24,"LAC",98,"GS",96,"L",3,"W",212,"U",NA,2,2014,0.0149065733400204,0.0135701897673866
"281",2013-05-16,"SAN",94,"GS",82,"L",2,"L",194.5,"U",NA,12,2013,0.0352715697149103,0.0492839457918306
"282",2013-05-12,"SAN",87,"GS",97,"W",1.5,"W",198.5,"U",NA,-10,2013,0.0352715697149103,0.0492839457918306
"283",2013-04-26,"DEN",108,"GS",110,"W",1.5,"W",210.5,"O",NA,-2,2013,0.0360910524956311,-0.0453041369562715
"284",2013-04-28,"DEN",101,"GS",115,"W",2,"W",212.5,"O",NA,-14,2013,0.0360910524956311,-0.0453041369562715
"285",2013-05-02,"DEN",88,"GS",92,"W",-2.5,"W",212,"U",NA,-4,2013,0.0360910524956311,-0.0453041369562715
"286",2013-05-10,"SAN",102,"GS",92,"L",-2.5,"L",201.5,"U",NA,10,2013,0.0352715697149103,0.0492839457918306
"287",2013-05-12,"SAN",87,"GS",97,"W",1.5,"W",198.5,"U",NA,-10,2013,0.0352715697149103,0.0492839457918306
"288",2013-05-16,"SAN",94,"GS",82,"L",2,"L",194.5,"U",NA,12,2013,0.0352715697149103,0.0492839457918306
"289",2016-04-27,"POR",108,"LAC",98,"L",2.5,"L",195.5,"O",NA,10,2016,0.0594364061686268,-0.0357914229599783
"290",2016-04-20,"POR",81,"LAC",102,"W",-8.5,"W",210.5,"U",NA,-21,2016,0.0594364061686268,-0.0357914229599783
"291",2016-04-17,"POR",95,"LAC",115,"W",-8.5,"W",210.5,"U",NA,-20,2016,0.0594364061686268,-0.0357914229599783
"292",2015-05-14,"HOU",119,"LAC",107,"L",-8.5,"L",220,"O",NA,12,2015,0.0403622864470777,-0.0504159559653089
"293",2015-05-10,"HOU",95,"LAC",128,"W",-6.5,"W",217.5,"O",NA,-33,2015,0.0403622864470777,-0.0504159559653089
"294",2015-05-08,"HOU",99,"LAC",124,"W",-6.5,"W",215.5,"O",NA,-25,2015,0.0403622864470777,-0.0504159559653089
"295",2015-05-02,"SAN",109,"LAC",111,"W",-2.5,"L",204,"O",NA,-2,2015,0.0668730690214809,0.0325570730024536
"296",2015-04-28,"SAN",111,"LAC",107,"L",-2.5,"L",203,"O",NA,4,2015,0.0668730690214809,0.0325570730024536
"297",2015-04-22,"SAN",111,"LAC",107,"L",-4.5,"L",208,"O",NA,4,2015,0.0668730690214809,0.0325570730024536
"298",2015-04-19,"SAN",92,"LAC",107,"W",-1.5,"W",207.5,"U",NA,-15,2015,0.0668730690214809,0.0325570730024536
"299",2014-05-15,"OKC",104,"LAC",98,"L",-4,"L",213,"U",NA,6,2014,-0.0126703240841033,-0.0131467580578714
"300",2014-05-11,"OKC",99,"LAC",101,"W",-5,"L",213.5,"U",NA,-2,2014,-0.0126703240841033,-0.0131467580578714
"301",2014-05-09,"OKC",118,"LAC",112,"L",-4.5,"L",213.5,"O",NA,6,2014,-0.0126703240841033,-0.0131467580578714
"302",2014-05-03,"GS",121,"LAC",126,"W",-7.5,"L",207,"O",NA,-5,2014,0.0135701897673866,0.0149065733400204
"303",2014-04-29,"GS",103,"LAC",113,"W",-7,"W",208.5,"O",NA,-10,2014,0.0135701897673866,0.0149065733400204
"304",2014-04-21,"GS",98,"LAC",138,"W",-8,"W",212.5,"O",NA,-40,2014,0.0135701897673866,0.0149065733400204
"305",2014-04-19,"GS",109,"LAC",105,"L",-7,"L",211,"O",NA,4,2014,0.0135701897673866,0.0149065733400204
"306",2013-04-30,"MEM",103,"LAC",93,"L",-5.5,"L",180.5,"O",NA,10,2013,0.0103604581719061,-0.0396581882403567
"307",2013-04-22,"MEM",91,"LAC",93,"W",-6,"L",180,"O",NA,-2,2013,0.0103604581719061,-0.0396581882403567
"308",2013-04-20,"MEM",91,"LAC",112,"W",-5.5,"W",178.5,"O",NA,-21,2013,0.0103604581719061,-0.0396581882403567
"309",2012-05-20,"SAN",102,"LAC",99,"L",7.5,"W",193,"O",NA,3,2012,0.0536276353400471,0.0684078840949486
"310",2012-05-19,"SAN",96,"LAC",86,"L",5,"L",192.5,"U",NA,10,2012,0.0536276353400471,0.0684078840949486
"311",2012-05-11,"MEM",90,"LAC",88,"L",2.5,"W",178.5,"U",NA,2,2012,0.0179352578700177,-0.00297316355333106
"312",2012-05-07,"MEM",97,"LAC",101,"W",-2,"W",183,"O",NA,-4,2012,0.0179352578700177,-0.00297316355333106
"313",2012-05-05,"MEM",86,"LAC",87,"W",-3,"L",184.5,"U",NA,-1,2012,0.0179352578700177,-0.00297316355333106
"314",2013-04-28,"SAN",103,"LAL",82,"L",11.5,"L",190,"U",NA,21,2013,-0.00481233853319595,0.0615151675478452
"315",2013-04-26,"SAN",120,"LAL",89,"L",6.5,"L",184,"O",NA,31,2013,-0.00481233853319595,0.0615151675478452
"316",2012-05-19,"OKC",103,"LAL",100,"L",2,"L",188.5,"O",NA,3,2012,-0.0178013977587767,0.0217244499946773
"317",2012-05-18,"OKC",96,"LAL",99,"W",-3,"P",189,"O",NA,-3,2012,-0.0178013977587767,0.0217244499946773
"318",2012-05-12,"DEN",87,"LAL",96,"W",-5.5,"W",193,"U",NA,-9,2012,0.0536997960298549,-0.0265724956989557
"319",2012-05-08,"DEN",102,"LAL",99,"L",-6,"L",196.5,"O",NA,3,2012,0.0536997960298549,-0.0265724956989557
"320",2012-05-01,"DEN",100,"LAL",104,"W",-5.5,"L",202.5,"O",NA,-4,2012,0.0536997960298549,-0.0265724956989557
"321",2012-04-29,"DEN",88,"LAL",103,"W",-4.5,"W",203,"U",NA,-15,2012,0.0536997960298549,-0.0265724956989557
"322",2016-04-23,"OKC",119,"DAL",108,"L",8.5,"L",203.5,"O",NA,11,2016,-0.0451598489914621,0.0106312970819706
"323",2016-04-21,"OKC",131,"DAL",102,"L",9.5,"L",198.5,"O",NA,29,2016,-0.0451598489914621,0.0106312970819706
"324",2015-04-26,"HOU",109,"DAL",121,"W",3.5,"W",220,"O",NA,-12,2015,-0.0107358010733101,-0.0437493192085961
"325",2015-04-24,"HOU",130,"DAL",128,"L",4,"W",214.5,"O",NA,2,2015,-0.0107358010733101,-0.0437493192085961
"326",2014-05-02,"SAN",111,"DAL",113,"W",3,"W",197,"O",NA,-2,2014,0.0176014366894328,0.0905925932292638
"327",2014-04-28,"SAN",93,"DAL",89,"L",4.5,"W",200,"U",NA,4,2014,0.0176014366894328,0.0905925932292638
"328",2014-04-26,"SAN",108,"DAL",109,"W",3.5,"W",200,"O",NA,-1,2014,0.0176014366894328,0.0905925932292638
"329",2012-05-05,"OKC",103,"DAL",97,"L",2,"L",193,"O",NA,6,2012,-0.0500788465575704,0.00214100735652849
"330",2012-05-03,"OKC",95,"DAL",79,"L",-3,"L",193,"U",NA,16,2012,-0.0500788465575704,0.00214100735652849
"331",2016-04-24,"GS",121,"HOU",94,"L",8.5,"L",217.5,"U",NA,27,2016,-0.0530272413898118,0.0838903034119409
"332",2016-04-21,"GS",96,"HOU",97,"W",3.5,"W",215.5,"U",NA,-1,2016,-0.0530272413898118,0.0838903034119409
"333",2015-05-25,"GS",115,"HOU",128,"W",4.5,"W",214,"O",NA,-13,2015,-0.0749025523836746,0.0398966806275738
"334",2015-05-23,"GS",115,"HOU",80,"L",-1.5,"L",217,"U",NA,35,2015,-0.0749025523836746,0.0398966806275738
"335",2015-05-17,"LAC",100,"HOU",113,"W",2,"W",219.5,"U",NA,-13,2015,-0.0504159559653089,0.0403622864470777
"336",2015-05-12,"LAC",103,"HOU",124,"W",3,"W",219,"O",NA,-21,2015,-0.0504159559653089,0.0403622864470777
"337",2015-05-06,"LAC",109,"HOU",115,"W",-8,"L",214,"O",NA,-6,2015,-0.0504159559653089,0.0403622864470777
"338",2015-05-04,"LAC",117,"HOU",101,"L",-7.5,"L",212.5,"O",NA,16,2015,-0.0504159559653089,0.0403622864470777
"339",2015-04-28,"DAL",94,"HOU",103,"W",-8,"W",221.5,"U",NA,-9,2015,-0.0437493192085961,-0.0107358010733101
"340",2015-04-21,"DAL",99,"HOU",111,"W",-8.5,"W",216,"U",NA,-12,2015,-0.0437493192085961,-0.0107358010733101
"341",2015-04-18,"DAL",108,"HOU",118,"W",-5.5,"W",207.5,"O",NA,-10,2015,-0.0437493192085961,-0.0107358010733101
"342",2014-04-30,"POR",98,"HOU",108,"W",-5,"W",214,"U",NA,-10,2014,-0.0250237833720372,-0.0239706141142723
"343",2014-04-23,"POR",112,"HOU",105,"L",-6.5,"L",214.5,"O",NA,7,2014,-0.0250237833720372,-0.0239706141142723
"344",2014-04-20,"POR",122,"HOU",120,"L",-5.5,"L",215.5,"O",NA,2,2014,-0.0250237833720372,-0.0239706141142723
"345",2013-05-03,"OKC",103,"HOU",94,"L",1,"L",207,"U",NA,9,2013,-0.0813337753035914,0.0649152821557484
"346",2013-04-29,"OKC",103,"HOU",105,"W",1,"W",206.5,"O",NA,-2,2013,-0.0813337753035914,0.0649152821557484
"347",2013-04-27,"OKC",104,"HOU",101,"L",-1,"L",206.5,"U",NA,3,2013,-0.0813337753035914,0.0649152821557484
"348",2016-04-24,"SAN",116,"MEM",95,"L",13.5,"L",181.5,"O",NA,21,2016,-0.0927757526029643,0.0783016128939338
"349",2016-04-22,"SAN",96,"MEM",87,"L",12,"W",184,"U",NA,9,2016,-0.0927757526029643,0.0783016128939338
"350",2015-05-15,"GS",108,"MEM",95,"L",5,"L",193,"O",NA,13,2015,-0.0309471914432464,0.0600060005028502
"351",2015-05-11,"GS",101,"MEM",84,"L",4,"L",196,"U",NA,17,2015,-0.0309471914432464,0.0600060005028502
"352",2015-05-09,"GS",89,"MEM",99,"W",4,"W",196.5,"U",NA,-10,2015,-0.0309471914432464,0.0600060005028502
"353",2015-04-29,"POR",93,"MEM",99,"W",-6,"P",189.5,"O",NA,-6,2015,-0.0278616834902363,0.0148355916520907
"354",2015-04-22,"POR",82,"MEM",97,"W",-8.5,"W",194.5,"U",NA,-15,2015,-0.0278616834902363,0.0148355916520907
"355",2015-04-19,"POR",86,"MEM",100,"W",-5.5,"W",189.5,"U",NA,-14,2015,-0.0278616834902363,0.0148355916520907
"356",2014-05-01,"OKC",104,"MEM",84,"L",2.5,"L",185,"O",NA,20,2014,-0.048609757500106,0.00776038909225537
"357",2014-04-26,"OKC",92,"MEM",89,"L",3,"P",188.5,"U",NA,3,2014,-0.048609757500106,0.00776038909225537
"358",2014-04-24,"OKC",95,"MEM",98,"W",2.5,"W",190,"O",NA,-3,2014,-0.048609757500106,0.00776038909225537
"359",2013-05-27,"SAN",93,"MEM",86,"L",-2.5,"L",182,"U",NA,7,2013,-0.0658664283181823,0.00510653391918031
"360",2013-05-25,"SAN",104,"MEM",93,"L",-4.5,"L",180,"O",NA,11,2013,-0.0658664283181823,0.00510653391918031
"361",2013-05-13,"OKC",97,"MEM",103,"W",-4.5,"W",185,"O",NA,-6,2013,-0.104318008010827,-0.00780746378832246
"362",2013-05-11,"OKC",81,"MEM",87,"W",-5,"W",186.5,"U",NA,-6,2013,-0.104318008010827,-0.00780746378832246
"363",2013-05-03,"LAC",105,"MEM",118,"W",-6,"W",179.5,"O",NA,-13,2013,-0.0396581882403567,0.0103604581719061
"364",2013-04-27,"LAC",83,"MEM",104,"W",-3,"W",177.5,"O",NA,-21,2013,-0.0396581882403567,0.0103604581719061
"365",2013-04-25,"LAC",82,"MEM",94,"W",-4.5,"W",178.5,"U",NA,-12,2013,-0.0396581882403567,0.0103604581719061
"366",2012-05-13,"LAC",82,"MEM",72,"L",-7.5,"L",176,"U",NA,10,2012,-0.00297316355333106,0.0179352578700177
"367",2012-05-09,"LAC",80,"MEM",92,"W",-6.5,"W",183,"U",NA,-12,2012,-0.00297316355333106,0.0179352578700177
"368",2012-05-02,"LAC",98,"MEM",105,"W",-7,"P",184.5,"O",NA,-7,2012,-0.00297316355333106,0.0179352578700177
"369",2012-04-29,"LAC",99,"MEM",98,"L",-4.5,"L",184,"O",NA,1,2012,-0.00297316355333106,0.0179352578700177
"370",2015-04-25,"GS",109,"NOH",98,"L",6.5,"L",208,"U",NA,11,2015,-0.00581858081736958,0.067853203739636
"371",2015-04-23,"GS",123,"NOH",119,"L",5,"W",203,"O",NA,4,2015,-0.00581858081736958,0.067853203739636
"372",2016-05-10,"OKC",95,"SAN",91,"L",-7.5,"L",199,"U",NA,4,2016,0.0224551082595813,-0.0346315792807893
"373",2016-05-02,"OKC",98,"SAN",97,"L",-7.5,"L",200,"U",NA,1,2016,0.0224551082595813,-0.0346315792807893
"374",2016-04-30,"OKC",92,"SAN",124,"W",-6.5,"W",200,"O",NA,-32,2016,0.0224551082595813,-0.0346315792807893
"375",2016-04-19,"MEM",68,"SAN",94,"W",-17.5,"W",186,"U",NA,-26,2016,0.0783016128939338,-0.0927757526029643
"376",2016-04-17,"MEM",74,"SAN",106,"W",-16.5,"W",188.5,"U",NA,-32,2016,0.0783016128939338,-0.0927757526029643
"377",2015-04-30,"LAC",102,"SAN",96,"L",-5.5,"L",206.5,"U",NA,6,2015,0.0325570730024536,0.0668730690214809
"378",2015-04-26,"LAC",114,"SAN",105,"L",-6,"L",202.5,"O",NA,9,2015,0.0325570730024536,0.0668730690214809
"379",2015-04-24,"LAC",73,"SAN",100,"W",-5,"W",204,"U",NA,-27,2015,0.0325570730024536,0.0668730690214809
"380",2014-06-15,"MIA",87,"SAN",104,"W",-5.5,"W",197.5,"U",NA,-17,2014,0.0592662469513911,0.037533311580241
"381",2014-06-08,"MIA",98,"SAN",96,"L",-4,"L",198.5,"U",NA,2,2014,0.0592662469513911,0.037533311580241
"382",2014-06-05,"MIA",95,"SAN",110,"W",-5,"W",198.5,"O",NA,-15,2014,0.0592662469513911,0.037533311580241
"383",2014-05-29,"OKC",89,"SAN",117,"W",-5,"W",207,"U",NA,-28,2014,0.0281186512161711,0.00416955101963516
"384",2014-05-21,"OKC",77,"SAN",112,"W",-5,"W",210,"U",NA,-35,2014,0.0281186512161711,0.00416955101963516
"385",2014-05-19,"OKC",105,"SAN",122,"W",-6,"W",209,"O",NA,-17,2014,0.0281186512161711,0.00416955101963516
"386",2014-05-14,"POR",82,"SAN",104,"W",-8.5,"W",209,"U",NA,-22,2014,0.0603500307982049,-0.0248989226617611
"387",2014-05-08,"POR",97,"SAN",114,"W",-6.5,"W",208,"O",NA,-17,2014,0.0603500307982049,-0.0248989226617611
"388",2014-05-06,"POR",92,"SAN",116,"W",-6.5,"W",206.5,"O",NA,-24,2014,0.0603500307982049,-0.0248989226617611
"389",2014-05-04,"DAL",96,"SAN",119,"W",-7,"W",197.5,"O",NA,-23,2014,0.0905925932292638,0.0176014366894328
"390",2014-04-30,"DAL",103,"SAN",109,"W",-6.5,"L",197,"O",NA,-6,2014,0.0905925932292638,0.0176014366894328
"391",2014-04-23,"DAL",113,"SAN",92,"L",-8,"L",201,"O",NA,21,2014,0.0905925932292638,0.0176014366894328
"392",2014-04-20,"DAL",85,"SAN",90,"W",-9,"L",202.5,"U",NA,-5,2014,0.0905925932292638,0.0176014366894328
"393",2013-06-16,"MIA",104,"SAN",114,"W",1,"W",189,"O",NA,-10,2013,0.0127486147358038,0.0536480925114472
"394",2013-06-13,"MIA",109,"SAN",93,"L",1,"L",186.5,"O",NA,16,2013,0.0127486147358038,0.0536480925114472
"395",2013-06-11,"MIA",77,"SAN",113,"W",-2,"W",188,"O",NA,-36,2013,0.0127486147358038,0.0536480925114472
"396",2013-05-21,"MEM",89,"SAN",93,"W",-5,"L",180.5,"O",NA,-4,2013,0.00510653391918031,-0.0658664283181823
"397",2013-05-19,"MEM",83,"SAN",105,"W",-4.5,"W",182,"O",NA,-22,2013,0.00510653391918031,-0.0658664283181823
"398",2013-05-14,"GS",91,"SAN",109,"W",-7,"W",194.5,"O",NA,-18,2013,0.0492839457918306,0.0352715697149103
"399",2013-05-08,"GS",100,"SAN",91,"L",-7.5,"L",204.5,"U",NA,9,2013,0.0492839457918306,0.0352715697149103
"400",2013-05-06,"GS",127,"SAN",129,"W",-9.5,"L",202.5,"O",NA,-2,2013,0.0492839457918306,0.0352715697149103
"401",2013-04-24,"LAL",91,"SAN",102,"W",-9,"W",188.5,"O",NA,-11,2013,0.0615151675478452,-0.00481233853319595
"402",2013-04-21,"LAL",79,"SAN",91,"W",-9,"W",191.5,"U",NA,-12,2013,0.0615151675478452,-0.00481233853319595
